PLAYER,TEAM,AGE,HEIGHT,WEIGHT,COLLEGE,COUNTRY,DRAFT YEAR,DRAFT ROUND,DRAFT NUMBER,GP,PTS,REB,AST,NETRTG,OREB%,DREB%,USG%,TS%,AST%,COUN_CODE
Aaron Gordon,ORL,23,81,220,Arizona,USA,2014,1,4,78,16.0,7.4,3.7,1.5,4.70%,16.50%,21.20%,53.80%,16.60%,USA
Aaron Holiday,IND,22,73,185,California-Los Angeles,USA,2018,1,23,50,5.9,1.3,1.7,6.7,0.80%,8.80%,20.40%,51.80%,18.00%,USA
Abdel Nader,OKC,25,78,225,Iowa State,Egypt,2016,2,58,61,4.0,1.9,0.3,-8.7,1.70%,13.90%,14.70%,52.20%,4.40%,EGY
Al Horford,BOS,33,82,245,Florida,Dominican Republic,2007,1,3,68,13.6,6.7,4.2,6.3,6.20%,16.10%,18.70%,60.50%,20.30%,DOM
Al-Farouq Aminu,POR,28,81,220,Wake Forest,USA,2010,1,8,81,9.4,7.5,1.3,7.7,4.80%,20.40%,13.30%,56.80%,5.70%,USA
Alan Williams,BKN,26,80,265,California-Santa Barbara,USA,Undrafted,Undrafted,Undrafted,5,3.6,3.8,0.6,27.1,11.40%,40.50%,22.20%,61.00%,17.60%,USA
Alec Burks,SAC,27,78,214,Colorado,USA,2011,1,12,64,8.8,3.7,2.0,-10.7,2.10%,15.10%,18.40%,52.30%,14.20%,USA
Alex Abrines,OKC,25,78,200,None,Spain,2013,2,32,31,5.3,1.5,0.6,1.3,0.70%,6.70%,11.90%,50.70%,4.70%,ESP
Alex Caruso,LAL,25,77,186,Texas A&M,USA,Undrafted,Undrafted,Undrafted,25,9.2,2.7,3.1,3.3,3.50%,7.90%,18.40%,56.90%,20.50%,USA
Alex Len,ATL,25,85,250,Maryland,Ukraine,2013,1,5,77,11.1,5.5,1.1,-4.3,9.00%,15.90%,21.20%,57.50%,8.60%,UKR
Alex Poythress,ATL,25,81,235,Kentucky,USA,Undrafted,Undrafted,Undrafted,21,5.1,3.6,0.8,-10.9,8.50%,15.10%,13.80%,57.10%,8.50%,USA
Alfonzo McKinnie,GSW,26,80,215,None,USA,Undrafted,Undrafted,Undrafted,72,4.7,3.4,0.4,0.6,7.50%,15.20%,12.90%,56.90%,4.10%,USA
Alize Johnson,IND,23,81,212,Missouri State,USA,2018,2,50,14,0.9,1.4,0.1,-0.8,5.10%,19.20%,11.60%,33.30%,1.80%,USA
Allen Crabbe,BKN,27,78,212,California,USA,2013,2,31,43,9.6,3.4,1.1,0.4,1.30%,10.80%,15.80%,51.90%,5.90%,USA
Allonzo Trier,NYK,23,77,200,University of Arizona,USA,Undrafted,Undrafted,Undrafted,64,10.9,3.1,1.9,-7.0,2.00%,10.70%,20.60%,56.40%,13.10%,USA
Amile Jefferson,ORL,26,81,222,Duke,USA,Undrafted,Undrafted,Undrafted,12,2.3,1.8,0.3,7.9,8.20%,25.00%,12.40%,69.20%,5.20%,USA
Amir Johnson,PHI,32,81,240,None,USA,2005,2,56,51,3.9,2.9,1.2,-5.0,8.40%,18.50%,16.60%,57.40%,15.60%,USA
Andre Drummond,DET,25,83,279,Connecticut,USA,2012,1,9,79,17.3,15.6,1.4,3.4,15.10%,31.10%,22.50%,55.50%,6.80%,USA
Andre Iguodala,GSW,35,78,215,Arizona,USA,2004,1,9,68,5.7,3.7,3.2,9.2,3.10%,11.70%,10.00%,58.70%,17.30%,USA
Andre Ingram,LAL,33,75,190,American,USA,Undrafted,Undrafted,Undrafted,4,0.0,0.5,0.0,12.2,5.90%,5.30%,18.40%,0.00%,0.00%,USA
Andrew Bogut,GSW,34,84,260,Utah,Australia,2005,1,1,11,3.5,5.0,1.0,4.6,10.00%,29.70%,14.60%,52.30%,10.40%,AUS
Andrew Harrison,NOP,24,78,213,Kentucky,USA,2015,2,44,17,3.2,1.2,1.4,-6.6,3.20%,7.40%,16.90%,44.30%,19.40%,USA
Andrew Wiggins,MIN,24,80,194,Kansas,Canada,2014,1,1,73,18.1,4.8,2.5,-1.2,3.10%,9.90%,23.90%,49.30%,10.80%,CAN
Anfernee Simons,POR,20,76,185,None,USA,2018,1,24,20,3.8,0.7,0.7,-18.6,2.20%,6.70%,23.70%,53.50%,13.50%,USA
Angel Delgado,LAC,24,82,245,None,Dominican Republic,Undrafted,Undrafted,Undrafted,2,1.5,2.0,0.0,7.0,8.30%,14.30%,15.00%,25.50%,0.00%,DOM
Ante Zizic,CLE,22,83,254,None,Croatia,2016,1,23,59,7.8,5.4,0.9,-3.6,9.70%,19.30%,17.70%,59.00%,7.50%,HRV
Anthony Davis,NOP,26,82,253,Kentucky,USA,2012,1,1,56,25.9,12.0,3.9,3.4,8.90%,24.90%,28.70%,59.70%,18.60%,USA
Anthony Tolliver,MIN,34,80,250,Creighton,USA,Undrafted,Undrafted,Undrafted,65,5.0,2.7,0.7,-3.7,1.20%,14.30%,12.00%,57.10%,5.90%,USA
Antonio Blakeney,CHI,22,76,192,Louisiana State,USA,Undrafted,Undrafted,Undrafted,57,7.3,1.9,0.7,-8.4,0.80%,11.40%,23.70%,48.70%,7.90%,USA
Aron Baynes,BOS,32,82,260,Washington State,Australia,Undrafted,Undrafted,Undrafted,51,5.6,4.7,1.1,6.6,10.30%,17.50%,14.50%,56.70%,9.20%,AUS
Austin Rivers,HOU,26,76,200,Duke,USA,2012,1,10,76,8.1,2.1,2.2,2.4,1.20%,6.50%,14.10%,50.30%,12.00%,USA
Avery Bradley,MEM,28,74,180,Texas,USA,2010,1,19,63,9.9,2.8,2.4,-2.0,2.20%,6.50%,15.90%,49.60%,11.40%,USA
BJ Johnson,SAC,23,79,200,None,USA,Undrafted,Undrafted,Undrafted,7,3.3,1.1,0.0,-13.5,3.80%,15.00%,17.60%,60.90%,0.00%,USA
Bam Adebayo,MIA,21,82,255,Kentucky,USA,2017,1,14,82,8.9,7.3,2.2,0.5,8.30%,22.10%,15.60%,62.30%,14.60%,USA
Ben McLemore,SAC,26,77,201,Kansas,USA,2013,1,7,19,3.9,0.9,0.2,-3.5,1.80%,8.90%,18.50%,54.10%,3.50%,USA
Ben Simmons,PHI,22,82,230,Louisiana State,Australia,2016,1,1,79,16.9,8.8,7.7,2.1,6.20%,17.90%,21.40%,58.20%,34.10%,AUS
Billy Garrett,NYK,24,78,215,DePaul,USA,Undrafted,Undrafted,Undrafted,4,6.5,0.8,1.8,-9.3,0.00%,4.10%,21.10%,45.20%,18.90%,USA
Bismack Biyombo,CHA,26,81,255,None,Congo,2011,1,7,54,4.4,4.6,0.6,-8.6,9.90%,20.50%,12.60%,60.20%,6.40%,COG
Blake Griffin,DET,30,82,250,Oklahoma,USA,2009,1,1,75,24.5,7.5,5.4,0.5,3.60%,18.20%,29.50%,58.10%,26.80%,USA
Boban Marjanovic,PHI,30,87,290,None,Serbia,Undrafted,Undrafted,Undrafted,58,7.3,4.6,0.9,0.5,12.40%,23.20%,21.90%,66.40%,12.80%,SRB
Bobby Portis,WAS,24,83,250,Arkansas,USA,2015,1,22,50,14.2,8.1,1.4,-4.3,8.30%,22.60%,24.00%,52.90%,8.50%,USA
Bogdan Bogdanovic,SAC,26,78,205,None,Serbia,2014,1,27,70,14.1,3.5,3.8,-0.8,1.90%,9.80%,21.90%,53.00%,19.90%,SRB
Bojan Bogdanovic,IND,30,80,216,None,Croatia,2011,2,31,81,18.0,4.1,2.0,2.7,1.30%,11.30%,21.70%,61.30%,9.50%,HRV
Bonzie Colson,MIL,23,78,225,Notre Dame,USA,Undrafted,Undrafted,Undrafted,8,4.9,3.8,0.4,-9.1,6.50%,18.20%,17.30%,45.40%,4.00%,USA
Brad Wanamaker,BOS,29,76,210,Pittsburgh,USA,Undrafted,Undrafted,Undrafted,36,3.9,1.1,1.6,8.2,0.80%,9.60%,16.10%,59.70%,22.50%,USA
Bradley Beal,WAS,25,77,207,Florida,USA,2012,1,3,82,25.6,5.0,5.5,-1.8,2.80%,10.40%,27.70%,58.10%,23.30%,USA
Brandon Goodwin,DEN,23,74,180,None,USA,Undrafted,Undrafted,Undrafted,16,1.4,0.2,0.9,10.3,1.60%,3.80%,21.80%,41.30%,29.80%,USA
Brandon Ingram,LAL,21,81,190,Duke,USA,2016,1,2,52,18.3,5.1,3.0,-1.1,2.20%,11.30%,22.60%,55.50%,12.70%,USA
Brandon Knight,CLE,27,75,195,Kentucky,USA,2011,1,8,39,6.8,1.5,1.8,-12.4,1.20%,7.00%,17.50%,48.40%,14.70%,USA
Brandon Sampson,CHI,22,77,184,None,USA,Undrafted,Undrafted,Undrafted,14,5.1,1.1,0.7,-6.0,1.40%,6.30%,15.40%,56.70%,6.30%,USA
Brook Lopez,MIL,31,84,270,Stanford,USA,2008,1,10,81,12.5,4.9,1.2,11.5,1.40%,13.50%,16.40%,59.70%,5.50%,USA
Bruce Brown,DET,22,77,202,Miami (FL),USA,2018,2,42,74,4.3,2.5,1.2,0.1,3.20%,9.20%,11.20%,46.90%,8.70%,USA
Bruno Caboclo,MEM,23,81,218,None,Brazil,2014,1,20,34,8.3,4.6,1.5,0.7,5.00%,13.70%,14.90%,57.10%,9.10%,BRA
Bryn Forbes,SAS,25,75,190,Michigan State,USA,Undrafted,Undrafted,Undrafted,82,11.8,2.9,2.1,-0.6,0.80%,9.60%,16.90%,58.60%,10.50%,USA
Buddy Hield,SAC,26,76,214,Oklahoma,Bahamas,2016,1,6,82,20.7,5.0,2.5,-0.4,3.60%,11.00%,24.20%,58.70%,11.70%,BHS
C.J. Williams,MIN,29,77,226,North Carolina State,USA,Undrafted,Undrafted,Undrafted,15,2.6,0.5,0.8,-18.1,0.70%,5.30%,13.60%,55.00%,15.80%,USA
CJ McCollum,POR,27,75,190,Lehigh,USA,2013,1,10,70,21.0,4.0,3.0,6.4,2.50%,8.70%,24.60%,55.30%,13.30%,USA
CJ Miles,MEM,32,78,220,None,USA,2005,2,34,53,6.4,1.8,0.7,-1.6,1.40%,9.00%,17.20%,50.40%,6.10%,USA
Caleb Swanigan,SAC,22,81,250,Purdue,USA,2017,1,26,21,2.0,3.0,0.5,-17.0,8.10%,23.60%,16.90%,37.70%,9.80%,USA
Cameron Payne,CLE,24,75,190,Murray State,USA,2015,1,14,40,6.3,1.8,2.7,-15.5,1.70%,8.30%,16.80%,51.90%,22.50%,USA
Cameron Reynolds,MIN,24,80,225,None,USA,Undrafted,Undrafted,Undrafted,19,5.0,1.6,0.7,-5.3,1.40%,10.20%,13.90%,58.00%,7.30%,USA
Caris LeVert,BKN,24,79,204,Michigan,USA,2016,1,20,40,13.7,3.8,3.9,-0.2,3.00%,10.00%,23.40%,50.90%,23.10%,USA
Carmelo Anthony,HOU,35,80,240,Syracuse,USA,2003,1,3,10,13.4,5.4,0.5,-9.0,2.70%,15.80%,19.90%,51.30%,2.80%,USA
Cedi Osman,CLE,24,80,215,None,Turkey,2015,2,31,76,13.0,4.7,2.6,-12.8,1.80%,13.40%,18.10%,53.60%,12.00%,TUR
Chandler Hutchison,CHI,23,79,197,Boise State,USA,2018,1,22,44,5.2,4.2,0.8,-6.2,3.30%,16.70%,11.90%,50.70%,5.50%,USA
Chandler Parsons,MEM,30,82,230,Florida,USA,2011,2,38,25,7.5,2.8,1.7,-4.7,0.70%,12.60%,19.10%,48.40%,14.30%,USA
Channing Frye,CLE,36,84,255,Arizona,USA,2005,1,8,36,3.6,1.4,0.6,-22.1,1.00%,15.80%,17.20%,52.40%,10.00%,USA
Chasson Randle,WAS,26,74,185,Stanford,USA,Undrafted,Undrafted,Undrafted,49,5.5,1.1,2.0,-6.9,1.30%,6.20%,15.70%,55.50%,18.20%,USA
Cheick Diallo,NOP,22,81,220,Kansas,Mali,2016,2,33,64,6.0,5.2,0.5,-4.5,7.90%,26.00%,15.40%,64.40%,5.10%,MLI
Chimezie Metu,SAS,22,82,225,Southern California,USA,2018,2,49,29,1.8,1.2,0.4,-1.5,6.10%,17.90%,22.10%,38.90%,14.00%,USA
Chris Boucher,TOR,26,82,200,Oregon,Canada,Undrafted,Undrafted,Undrafted,28,3.3,2.0,0.1,-5.0,8.60%,20.90%,21.10%,56.30%,2.00%,CAN
Chris Chiozza,HOU,23,72,175,None,USA,Undrafted,Undrafted,Undrafted,7,0.9,0.6,0.6,-21.9,2.10%,11.10%,10.80%,37.50%,19.00%,USA
Chris Paul,HOU,34,72,175,Wake Forest,USA,2005,1,4,58,15.6,4.6,8.2,8.1,1.90%,12.30%,21.80%,56.00%,38.20%,USA
Christian Wood,NOP,23,82,214,Nevada-Las Vegas,USA,Undrafted,Undrafted,Undrafted,21,8.2,4.0,0.4,-9.3,6.10%,23.10%,24.60%,60.70%,5.10%,USA
Clint Capela,HOU,25,82,240,None,Switzerland,2014,1,25,67,16.6,12.7,1.4,5.2,13.00%,24.10%,17.90%,65.80%,7.00%,CHE
Cody Zeller,CHA,26,84,240,Indiana,USA,2013,1,4,49,10.1,6.8,2.1,1.2,8.40%,17.10%,15.70%,61.10%,11.40%,USA
Collin Sexton,CLE,20,74,190,Alabama,USA,2018,1,8,82,16.7,2.9,3.0,-12.3,2.10%,7.20%,24.60%,52.00%,15.40%,USA
Corey Brewer,SAC,33,81,186,Florida,USA,2007,1,7,31,4.9,2.5,1.3,-0.6,4.50%,9.80%,12.80%,53.20%,10.70%,USA
Cory Joseph,IND,27,75,193,Texas,Canada,2011,1,29,82,6.5,3.4,3.9,4.3,1.90%,11.10%,13.20%,47.40%,20.80%,CAN
Courtney Lee,DAL,33,77,215,Western Kentucky,USA,2008,1,22,34,4.0,1.6,1.1,-6.1,1.90%,10.50%,14.90%,49.20%,13.00%,USA
Cristiano Felicio,CHI,26,82,265,None,Brazil,Undrafted,Undrafted,Undrafted,60,4.0,3.6,0.6,-8.3,10.10%,18.70%,13.60%,56.80%,7.00%,BRA
D'Angelo Russell,BKN,23,77,198,Ohio State,USA,2015,1,2,81,21.1,3.9,7.0,0.5,2.00%,9.90%,30.90%,53.30%,39.20%,USA
D.J. Augustin,ORL,31,72,183,Texas,USA,2008,1,9,81,11.7,2.5,5.3,3.5,1.80%,7.10%,16.80%,61.60%,25.80%,USA
D.J. Wilson,MIL,23,82,231,Michigan,USA,2017,1,17,48,5.8,4.6,1.1,5.1,4.70%,17.40%,13.90%,51.50%,8.00%,USA
DJ Stephens,MEM,28,77,188,Memphis,USA,Undrafted,Undrafted,Undrafted,1,2.0,0.0,0.0,-23.2,0.00%,0.00%,13.00%,50.00%,0.00%,USA
Dairis Bertans,NOP,29,76,200,None,Latvia,Undrafted,Undrafted,Undrafted,12,2.8,0.8,0.8,-14.7,1.10%,3.60%,12.00%,36.20%,7.80%,LVA
Damian Jones,GSW,23,84,245,Vanderbilt,USA,2016,1,30,24,5.4,3.1,1.2,3.5,8.60%,9.90%,11.20%,72.00%,8.40%,USA
Damian Lillard,POR,28,75,195,Weber State,USA,2012,1,6,80,25.8,4.6,6.9,8.0,2.30%,10.00%,28.00%,58.80%,29.90%,USA
Damion Lee,GSW,26,78,210,Louisville,USA,Undrafted,Undrafted,Undrafted,32,4.9,2.0,0.4,-6.1,2.00%,13.40%,16.20%,57.80%,5.10%,USA
Damyean Dotson,NYK,25,78,210,Houston,USA,2017,2,44,73,10.7,3.6,1.8,-7.7,1.60%,10.80%,16.90%,52.60%,10.40%,USA
Daniel Hamilton,ATL,23,79,195,Connecticut,USA,2016,2,56,19,3.0,2.5,1.2,-5.1,4.30%,16.10%,15.10%,45.50%,15.70%,USA
Daniel Theis,BOS,27,80,243,None,Germany,Undrafted,Undrafted,Undrafted,66,5.7,3.4,1.0,7.2,8.80%,14.50%,14.90%,62.40%,10.80%,DEU
Danilo Gallinari,LAC,30,82,225,None,Italy,2008,1,6,68,19.8,6.1,2.6,2.5,2.70%,17.10%,23.60%,63.30%,13.40%,ITA
Danny Green,TOR,31,78,215,North Carolina,USA,2009,2,46,80,10.3,4.0,1.6,13.1,2.80%,10.70%,13.80%,63.20%,7.30%,USA
Dante Cunningham,SAS,32,80,230,Villanova,USA,2009,2,33,64,3.0,2.9,0.8,-8.9,4.90%,14.80%,8.50%,58.50%,7.20%,USA
Dante Exum,UTA,23,78,190,None,Australia,2014,1,5,42,6.9,1.6,2.6,3.2,2.40%,7.70%,20.50%,51.60%,25.10%,AUS
Danuel House Jr.,HOU,26,79,220,Texas A&M,USA,Undrafted,Undrafted,Undrafted,39,9.4,3.6,1.0,8.6,2.50%,11.20%,13.60%,64.60%,5.80%,USA
Dario Saric,MIN,25,82,223,None,Croatia,2014,1,12,81,10.6,5.6,1.6,-2.0,5.80%,15.30%,17.20%,56.30%,8.90%,HRV
Darius Miller,NOP,29,80,225,Kentucky,USA,2012,2,46,69,8.2,1.9,2.1,0.0,0.70%,5.90%,13.00%,55.00%,10.70%,USA
Darren Collison,IND,31,72,175,California-Los Angeles,USA,2009,1,21,76,11.2,3.1,6.0,2.1,1.70%,8.90%,17.50%,57.40%,30.20%,USA
Daryl Macon,DAL,23,75,185,Arkansas,USA,Undrafted,Undrafted,Undrafted,8,3.6,1.5,0.9,-2.6,1.90%,9.90%,16.50%,48.20%,12.30%,USA
David Nwaba,CLE,26,76,219,None,USA,Undrafted,Undrafted,Undrafted,51,6.5,3.2,1.1,-4.4,3.90%,12.80%,14.00%,55.80%,7.70%,USA
Davis Bertans,SAS,26,82,225,None,Latvia,2011,2,42,76,8.0,3.5,1.3,7.6,1.50%,13.90%,13.40%,63.20%,7.90%,LVA
Davon Reed,IND,23,77,208,Miami (FL),USA,2017,2,32,10,1.2,0.6,0.3,19.5,3.30%,7.30%,10.40%,50.00%,6.80%,USA
De'Aaron Fox,SAC,21,75,175,Kentucky,USA,2017,1,5,81,17.3,3.8,7.3,1.1,1.50%,9.50%,23.70%,54.40%,32.20%,USA
De'Anthony Melton,PHX,21,76,200,Southern California,USA,2018,2,46,50,5.0,2.7,3.2,-8.4,2.50%,11.40%,14.50%,46.60%,21.40%,USA
DeAndre Jordan,NYK,30,83,265,Texas A&M,USA,2008,2,35,69,11.0,13.1,2.3,-4.9,10.50%,31.50%,14.80%,67.40%,11.90%,USA
DeAndre' Bembry,ATL,24,78,210,Saint Joseph's,USA,2016,1,21,82,8.4,4.4,2.5,-4.8,2.60%,14.80%,16.70%,50.80%,15.00%,USA
DeMar DeRozan,SAS,29,79,220,Southern California,USA,2009,1,9,77,21.2,6.0,6.2,0.0,2.00%,14.70%,27.60%,54.20%,27.70%,USA
DeMarcus Cousins,GSW,28,83,270,Kentucky,USA,2010,1,5,30,16.3,8.2,3.6,4.6,5.90%,23.20%,27.90%,56.20%,20.60%,USA
DeMarre Carroll,BKN,32,80,215,Missouri,USA,2009,1,27,67,11.1,5.2,1.3,1.9,3.70%,15.10%,18.00%,54.60%,7.50%,USA
DeVaughn Akoon-Purcell,DEN,26,78,200,Illinois State,Trinidad and Tobago,Undrafted,Undrafted,Undrafted,7,1.0,0.6,0.9,8.2,4.30%,15.00%,22.80%,32.20%,37.50%,TTO
Deandre Ayton,PHX,20,85,250,Arizona,Bahamas,2018,1,1,71,16.3,10.3,1.8,-7.9,10.10%,24.00%,20.80%,60.80%,9.40%,BHS
Delon Wright,MEM,27,77,183,Utah,USA,2015,1,20,75,8.7,3.5,3.3,-0.1,3.70%,11.30%,17.10%,52.30%,21.70%,USA
Demetrius Jackson,PHI,24,73,201,Notre Dame,USA,2016,2,45,6,3.7,0.5,0.8,-13.5,4.50%,2.40%,18.20%,65.60%,18.50%,USA
Deng Adel,CLE,22,79,200,None,South Sudan,Undrafted,Undrafted,Undrafted,19,1.7,1.0,0.3,-9.5,1.40%,8.90%,9.70%,42.40%,3.80%,SSD
Dennis Schroder,OKC,25,73,172,None,Germany,2013,1,17,79,15.5,3.6,4.1,3.4,1.50%,10.20%,23.60%,50.80%,20.90%,DEU
Dennis Smith Jr.,NYK,21,75,195,North Carolina State,USA,2017,1,9,53,13.6,2.9,4.8,-5.1,2.00%,7.50%,24.10%,50.20%,27.80%,USA
Deonte Burton,OKC,25,77,245,Iowa State,USA,Undrafted,Undrafted,Undrafted,32,2.6,0.9,0.3,4.1,1.40%,9.00%,15.70%,47.00%,5.70%,USA
Derrick Favors,UTA,27,82,265,Georgia Tech,USA,2010,1,3,76,11.8,7.4,1.2,4.7,11.50%,18.80%,18.50%,62.40%,7.90%,USA
Derrick Jones Jr.,MIA,22,79,200,Nevada-Las Vegas,USA,Undrafted,Undrafted,Undrafted,60,7.0,4.0,0.6,-1.4,7.60%,11.90%,15.00%,55.90%,4.90%,USA
Derrick Rose,MIN,30,75,200,Memphis,USA,2008,1,1,51,18.0,2.7,4.3,1.0,2.20%,7.00%,26.00%,55.70%,24.40%,USA
Derrick White,SAS,24,76,190,Colorado,USA,2017,1,29,67,9.9,3.7,3.9,4.3,2.20%,11.60%,17.60%,55.50%,20.60%,USA
Devin Booker,PHX,22,78,210,Kentucky,USA,2015,1,13,64,26.6,4.1,6.8,-6.6,1.70%,9.90%,31.90%,58.40%,32.70%,USA
Devin Harris,DAL,36,75,185,Wisconsin,USA,2004,1,5,68,6.3,1.6,1.8,-4.6,1.00%,9.00%,17.80%,52.70%,17.20%,USA
Devin Robinson,WAS,24,80,200,Florida,USA,Undrafted,Undrafted,Undrafted,7,6.7,2.9,0.9,-1.7,5.80%,14.30%,17.60%,61.60%,9.50%,USA
Devonte' Graham,CHA,24,74,185,Villanova,USA,2018,2,34,46,4.7,1.4,2.6,-7.9,1.30%,7.80%,16.40%,45.90%,26.60%,USA
Dewayne Dedmon,ATL,29,84,245,Southern California,USA,Undrafted,Undrafted,Undrafted,64,10.8,7.5,1.4,-4.2,6.30%,22.90%,16.50%,60.20%,7.90%,USA
Deyonta Davis,ATL,22,83,237,Michigan State,USA,2016,2,31,9,4.0,4.0,0.6,-9.4,6.30%,19.30%,9.80%,68.20%,6.30%,USA
Dillon Brooks,MEM,23,78,220,Oregon,Canada,2017,2,45,18,7.5,1.7,0.9,-2.4,2.80%,7.60%,20.50%,49.90%,7.90%,CAN
Dion Waiters,MIA,27,76,215,Syracuse,USA,2012,1,4,44,12.0,2.6,2.8,-1.7,0.60%,9.40%,21.20%,53.00%,16.40%,USA
Dirk Nowitzki,DAL,40,84,245,None,Germany,1998,1,9,51,7.3,3.1,0.7,-4.0,0.60%,18.00%,21.60%,46.90%,6.80%,DEU
Domantas Sabonis,IND,23,83,240,Gonzaga,Lithuania,2016,1,11,74,14.1,9.3,2.9,5.0,9.90%,26.90%,22.40%,63.00%,18.00%,LTU
Donatas Motiejunas,SAS,28,84,220,None,Lithuania,2011,1,20,3,2.0,1.0,0.3,-61.8,15.40%,7.70%,31.30%,43.60%,20.00%,LTU
Donovan Mitchell,UTA,22,75,215,Louisville,USA,2017,1,13,77,23.8,4.1,4.2,6.7,2.20%,9.30%,30.70%,53.70%,20.90%,USA
Donte DiVincenzo,MIL,22,76,203,Villanova,USA,2018,1,17,27,4.9,2.4,1.1,12.5,3.60%,9.90%,14.30%,50.70%,10.20%,USA
Donte Grantham,OKC,24,80,215,Clemson,USA,Undrafted,Undrafted,Undrafted,3,0.0,0.0,0.0,-33.3,0.00%,0.00%,33.30%,0.00%,0.00%,USA
Dorian Finney-Smith,DAL,26,80,220,Florida,USA,Undrafted,Undrafted,Undrafted,81,7.5,4.8,1.2,-2.0,6.40%,11.90%,13.40%,53.00%,7.00%,USA
Doug McDermott,IND,27,80,225,Creighton,USA,2014,1,11,77,7.3,1.4,0.9,3.3,1.20%,6.60%,15.00%,61.70%,7.00%,USA
Dragan Bender,PHX,21,85,225,None,Croatia,2016,1,4,46,5.0,4.0,1.2,-8.1,4.00%,16.80%,12.90%,52.10%,9.40%,HRV
Draymond Green,GSW,29,79,230,Michigan State,USA,2012,2,35,66,7.4,7.3,6.9,10.8,3.10%,18.00%,12.80%,52.60%,26.10%,USA
Drew Eubanks,SAS,22,82,245,None,USA,Undrafted,Undrafted,Undrafted,23,1.8,1.5,0.3,-9.6,5.60%,21.40%,14.80%,64.60%,10.00%,USA
Duncan Robinson,MIA,25,80,210,Michigan,USA,Undrafted,Undrafted,Undrafted,15,3.3,1.3,0.3,-10.5,1.10%,9.10%,13.30%,51.40%,4.50%,USA
Dusty Hannahs,MEM,25,76,195,Arkansas,USA,Undrafted,Undrafted,Undrafted,2,4.0,0.5,2.5,-17.5,0.00%,3.60%,22.20%,31.10%,35.70%,USA
Dwayne Bacon,CHA,23,79,221,Florida State,USA,2017,2,40,43,7.3,2.1,1.1,-2.3,1.00%,10.50%,16.50%,57.00%,9.20%,USA
Dwight Howard,WAS,33,83,265,None,USA,2004,1,1,9,12.8,9.2,0.4,-8.8,10.00%,25.80%,19.20%,63.80%,2.60%,USA
Dwight Powell,DAL,27,83,240,Stanford,Canada,2014,2,45,77,10.6,5.3,1.5,0.9,8.10%,16.00%,16.60%,68.20%,10.10%,CAN
Dwyane Wade,MIA,37,76,220,Marquette,USA,2003,1,5,72,15.0,4.0,4.2,-1.7,3.30%,10.60%,26.70%,51.00%,26.40%,USA
Dzanan Musa,BKN,20,81,208,None,Bosnia and Herzegovina,2018,1,29,9,2.1,0.6,0.2,10.6,1.90%,10.50%,25.00%,41.50%,8.30%,BIH
E'Twaun Moore,NOP,30,76,191,Purdue,USA,2011,2,55,53,11.9,2.4,1.9,-0.1,2.30%,5.80%,16.90%,56.70%,9.30%,USA
Ed Davis,BKN,30,82,225,North Carolina,USA,2010,1,13,81,5.8,8.6,0.8,3.9,13.50%,30.70%,12.40%,63.20%,6.40%,USA
Edmond Sumner,IND,23,78,176,Xavier,USA,2017,2,52,23,2.9,1.0,0.4,-7.9,3.80%,6.50%,15.60%,44.30%,6.30%,USA
Ekpe Udoh,UTA,32,82,245,Baylor,USA,2010,1,6,51,2.3,1.8,0.5,-7.5,9.00%,18.90%,12.70%,69.80%,13.10%,USA
Elfrid Payton,NOP,25,76,185,Louisiana-Lafayette,USA,2014,1,10,42,10.6,5.2,7.6,-2.4,3.70%,12.90%,17.70%,50.20%,31.80%,USA
Elie Okobo,PHX,21,75,190,None,France,2018,2,31,53,5.7,1.8,2.4,-10.3,1.20%,9.20%,16.60%,48.90%,19.80%,FRA
Emanuel Terry,MIA,22,81,220,Lincoln Memorial (TN),USA,Undrafted,Undrafted,Undrafted,3,3.3,2.3,0.7,7.8,14.30%,23.50%,18.30%,57.10%,12.50%,USA
Emmanuel Mudiay,NYK,23,77,200,None,Congo,2015,1,7,59,14.8,3.3,3.9,-10.4,1.90%,9.80%,24.70%,53.10%,24.20%,COG
Enes Kanter,POR,27,83,250,Kentucky,Turkey,2011,1,3,67,13.7,9.8,1.7,-5.8,13.80%,24.50%,21.70%,59.40%,12.00%,TUR
Eric Bledsoe,MIL,29,73,205,Kentucky,USA,2010,1,18,78,15.9,4.6,5.5,11.2,3.50%,10.80%,22.40%,57.70%,26.00%,USA
Eric Gordon,HOU,30,76,215,Indiana,USA,2008,1,7,68,16.2,2.2,1.9,7.7,0.70%,5.90%,21.40%,54.90%,9.00%,USA
Eric Moreland,TOR,27,82,238,Oregon State,USA,Undrafted,Undrafted,Undrafted,5,1.4,4.0,0.8,-22.5,10.80%,34.80%,11.40%,50.00%,15.40%,USA
Ersan Ilyasova,MIL,32,82,235,None,Turkey,2005,2,36,67,6.8,4.5,0.8,9.3,7.10%,15.10%,15.00%,54.80%,5.60%,TUR
Evan Fournier,ORL,26,79,205,None,France,2012,1,20,81,15.1,3.2,3.6,1.6,1.40%,8.60%,21.60%,53.60%,17.00%,FRA
Evan Turner,POR,30,79,220,Ohio State,USA,2010,1,2,73,6.8,4.5,3.9,1.0,2.20%,16.70%,15.60%,50.40%,24.20%,USA
Frank Jackson,NOP,21,75,205,Duke,USA,2017,2,31,61,8.1,2.2,1.1,-5.3,1.90%,8.50%,17.70%,51.70%,8.00%,USA
Frank Kaminsky,CHA,26,84,242,Wisconsin,USA,2015,1,9,47,8.6,3.5,1.3,0.4,4.80%,16.40%,21.30%,58.70%,12.90%,USA
Frank Mason,SAC,25,71,190,Kansas,USA,2017,2,34,38,5.1,1.1,2.2,-15.3,1.30%,8.30%,21.00%,50.20%,28.00%,USA
Frank Ntilikina,NYK,20,78,200,None,France,2017,1,8,43,5.7,2.0,2.8,-8.8,1.20%,8.00%,16.20%,41.70%,19.50%,FRA
Fred VanVleet,TOR,25,72,195,Wichita State,USA,Undrafted,Undrafted,Undrafted,64,11.0,2.6,4.8,7.8,1.20%,7.80%,17.60%,53.90%,24.30%,USA
Furkan Korkmaz,PHI,21,79,190,None,Turkey,2016,1,26,48,5.8,2.2,1.1,4.6,2.30%,13.00%,17.30%,52.80%,10.70%,TUR
Garrett Temple,LAC,33,78,195,Louisiana State,USA,Undrafted,Undrafted,Undrafted,75,7.8,2.9,1.4,-1.9,1.40%,9.20%,13.00%,54.30%,7.50%,USA
Gary Clark,HOU,24,80,225,None,USA,Undrafted,Undrafted,Undrafted,51,2.9,2.3,0.4,2.1,3.50%,14.40%,10.50%,48.00%,4.00%,USA
Gary Harris,DEN,24,76,210,Michigan State,USA,2014,1,19,57,12.9,2.8,2.2,6.1,2.40%,7.00%,19.40%,52.60%,11.00%,USA
Gary Payton II,WAS,26,75,190,Oregon State,USA,Undrafted,Undrafted,Undrafted,3,3.7,0.7,1.3,32.6,6.70%,5.00%,21.40%,68.80%,33.30%,USA
Gary Trent Jr.,POR,20,78,205,None,USA,Undrafted,Undrafted,Undrafted,15,2.7,0.7,0.3,-6.1,1.00%,8.00%,21.10%,37.70%,5.70%,USA
George Hill,MIL,33,75,188,IUPUI,USA,2008,1,26,60,7.6,2.5,2.3,5.0,2.80%,7.50%,14.50%,55.40%,14.60%,USA
George King,PHX,25,78,220,Colorado,USA,2018,2,59,1,0.0,1.0,0.0,-75.0,0.00%,25.00%,0.00%,0.00%,0.00%,USA
Georges Niang,UTA,25,80,230,Iowa State,USA,2016,2,50,59,4.0,1.5,0.6,-8.1,2.20%,13.50%,16.70%,61.30%,10.70%,USA
Gerald Green,HOU,33,79,205,None,USA,2005,1,18,73,9.2,2.5,0.5,4.8,1.90%,10.00%,18.90%,55.50%,4.10%,USA
Giannis Antetokounmpo,MIL,24,83,242,None,Greece,2013,1,15,72,27.7,12.5,5.9,12.8,6.60%,27.30%,31.10%,64.40%,29.40%,GRC
Glenn Robinson III,DET,25,78,222,Michigan,USA,2014,2,40,47,4.2,1.5,0.4,-0.3,2.60%,8.90%,14.50%,51.10%,5.30%,USA
Goran Dragic,MIA,33,75,190,None,Slovenia,2008,2,45,36,13.7,3.1,4.8,1.8,1.90%,8.70%,22.20%,51.70%,25.90%,SVN
Gordon Hayward,BOS,29,80,225,Butler,USA,2010,1,9,72,11.5,4.5,3.4,5.5,2.60%,14.10%,18.20%,57.50%,18.50%,USA
Gorgui Dieng,MIN,29,83,252,Louisville,Senegal,2013,1,21,76,6.4,4.1,0.9,-3.5,7.20%,22.50%,19.20%,57.20%,10.60%,SEN
Grayson Allen,UTA,23,77,198,Duke,USA,2018,1,21,38,5.6,0.6,0.7,-14.6,0.70%,4.70%,23.40%,51.60%,10.20%,USA
Greg Monroe,PHI,29,83,265,Georgetown,USA,2010,1,7,43,5.3,4.0,0.6,-7.0,11.90%,21.80%,20.90%,52.10%,7.90%,USA
Guerschon Yabusele,BOS,23,80,260,None,France,2016,1,16,41,2.3,1.3,0.4,-3.7,8.40%,10.40%,16.70%,54.20%,8.80%,FRA
Hamidou Diallo,OKC,20,77,198,Kentucky,USA,2018,2,45,51,3.7,1.9,0.3,-6.6,6.50%,11.00%,15.90%,49.70%,4.40%,USA
Harrison Barnes,SAC,27,80,225,North Carolina,USA,2012,1,7,77,16.4,4.7,1.5,-1.2,2.10%,11.10%,20.20%,55.00%,6.90%,USA
Harry Giles III,SAC,21,82,240,Duke,USA,2017,1,20,58,7.0,3.8,1.5,-5.5,7.60%,17.10%,22.40%,52.60%,15.50%,USA
Hassan Whiteside,MIA,29,84,265,Marshall,USA,2010,2,33,72,12.3,11.3,0.8,0.8,13.90%,30.50%,21.40%,56.40%,5.40%,USA
Haywood Highsmith,PHI,22,79,220,None,USA,Undrafted,Undrafted,Undrafted,5,1.8,1.0,0.4,-27.6,0.00%,14.30%,11.50%,41.40%,6.70%,USA
Henry Ellenson,NYK,22,83,245,Marquette,USA,2016,1,18,19,6.0,3.5,0.8,-0.3,1.80%,21.40%,18.60%,53.80%,9.60%,USA
Ian Clark,NOP,28,75,175,Belmont,USA,Undrafted,Undrafted,Undrafted,60,6.7,1.5,1.6,-3.3,1.20%,7.10%,18.40%,50.20%,13.20%,USA
Ian Mahinmi,WAS,32,83,262,None,France,2005,1,28,34,4.1,3.8,0.7,-3.1,8.80%,16.10%,12.70%,53.10%,7.30%,FRA
Ike Anigbogu,IND,20,82,250,California-Los Angeles,USA,2017,2,47,3,0.0,1.0,0.3,-14.3,14.30%,25.00%,26.70%,0.00%,20.00%,USA
Iman Shumpert,HOU,28,77,215,Georgia Tech,USA,2011,1,17,62,7.5,3.0,1.8,-1.0,1.60%,10.10%,14.20%,49.90%,9.80%,USA
Isaac Bonga,LAL,19,80,180,None,Germany,2018,2,39,22,0.9,1.1,0.7,7.5,6.40%,11.30%,15.00%,24.00%,16.30%,DEU
Isaac Humphries,ATL,21,84,260,Kentucky,Australia,Undrafted,Undrafted,Undrafted,5,3.0,2.2,0.0,-17.8,5.50%,12.30%,14.10%,35.70%,0.00%,AUS
Isaiah Briscoe,ORL,23,75,215,None,USA,Undrafted,Undrafted,Undrafted,39,3.5,1.9,2.2,1.3,0.80%,11.10%,13.70%,45.50%,22.60%,USA
Isaiah Canaan,MIL,28,72,200,Murray State,USA,2013,2,34,30,6.0,1.9,2.8,-12.4,1.00%,8.60%,14.50%,51.80%,19.40%,USA
Isaiah Hartenstein,HOU,21,84,249,None,Germany,2017,2,43,28,1.9,1.7,0.5,9.5,8.90%,11.80%,11.10%,56.20%,10.00%,DEU
Isaiah Hicks,NYK,24,81,230,North Carolina,USA,Undrafted,Undrafted,Undrafted,3,4.0,2.3,0.7,-4.5,5.90%,14.70%,15.30%,58.80%,11.80%,USA
Isaiah Thomas,DEN,30,69,185,Washington,USA,2011,2,60,12,8.1,1.1,1.9,-4.9,2.30%,4.00%,27.20%,43.70%,19.80%,USA
Ish Smith,DET,30,72,175,Wake Forest,USA,Undrafted,Undrafted,Undrafted,56,8.9,2.6,3.6,2.8,1.70%,9.70%,19.20%,48.50%,24.30%,USA
Ivan Rabb,MEM,22,82,220,California,USA,2017,2,35,49,5.8,4.2,1.1,-6.3,9.70%,19.70%,16.40%,58.60%,12.30%,USA
Ivica Zubac,LAC,22,85,240,None,Croatia,2016,2,32,59,8.9,6.1,1.1,1.9,10.80%,21.60%,19.80%,60.40%,9.30%,HRV
J.J. Barea,DAL,34,72,185,Northeastern,Puerto Rico,Undrafted,Undrafted,Undrafted,38,10.9,2.5,5.6,2.8,1.60%,10.60%,26.00%,49.50%,45.40%,PRI
J.P. Macura,CHA,24,77,205,Xavier (Ohio),USA,Undrafted,Undrafted,Undrafted,2,3.0,1.5,1.0,0.3,0.00%,14.30%,20.90%,33.30%,20.00%,USA
JJ Redick,PHI,34,76,200,Duke,USA,2006,1,11,76,18.1,2.4,2.7,5.9,0.80%,6.20%,20.70%,60.20%,12.90%,USA
JR Smith,CLE,33,78,225,None,USA,2004,1,18,11,6.7,1.6,1.9,-3.4,0.00%,8.00%,17.50%,44.40%,13.30%,USA
JaKarr Sampson,CHI,26,81,215,St. John's (NY),USA,Undrafted,Undrafted,Undrafted,4,20.0,8.0,1.0,-1.8,3.70%,19.60%,23.40%,63.30%,5.20%,USA
JaMychal Green,LAC,28,81,227,Alabama,USA,Undrafted,Undrafted,Undrafted,65,9.4,6.3,0.8,-5.7,7.10%,21.80%,18.40%,58.70%,5.80%,USA
JaVale McGee,LAL,31,84,270,Nevada-Reno,USA,2008,1,18,75,12.0,7.5,0.7,-4.4,11.20%,20.30%,19.50%,63.40%,4.50%,USA
Jabari Parker,WAS,24,80,245,Duke,USA,2014,1,2,64,14.5,6.6,2.4,-6.2,4.50%,18.70%,23.50%,56.00%,14.00%,USA
Jacob Evans,GSW,21,78,210,Cincinnati,USA,2018,1,28,30,1.3,0.8,0.8,-6.2,2.90%,8.40%,13.40%,37.40%,15.00%,USA
Jae Crowder,UTA,28,78,235,Marquette,USA,2012,2,34,80,11.9,4.8,1.7,4.5,2.70%,13.90%,18.30%,53.80%,9.00%,USA
Jahlil Okafor,NOP,23,83,275,Duke,USA,2015,1,3,59,8.2,4.7,0.7,-5.5,8.40%,19.60%,19.60%,60.30%,6.40%,USA
Jake Layman,POR,25,81,215,Maryland,USA,2016,2,47,71,7.6,3.1,0.7,1.6,4.10%,11.50%,15.40%,59.40%,5.60%,USA
Jakob Poeltl,SAS,23,84,230,Utah,Austria,2016,1,9,77,5.5,5.3,1.2,3.3,13.60%,17.10%,12.30%,64.00%,9.90%,AUT
Jalen Brunson,DAL,22,75,190,Villanova,USA,2018,2,33,73,9.3,2.3,3.2,-3.0,1.50%,8.70%,18.50%,54.90%,22.30%,USA
Jalen Jones,CLE,26,79,220,Texas A&M,USA,Undrafted,Undrafted,Undrafted,16,5.1,2.1,0.4,-5.7,5.00%,11.30%,16.20%,54.80%,5.00%,USA
Jamal Crawford,PHX,39,77,185,Michigan,USA,2000,1,8,64,7.9,1.3,3.6,-14.9,0.60%,6.10%,19.60%,52.20%,28.30%,USA
Jamal Murray,DEN,22,76,207,Kentucky,Canada,2016,1,7,75,18.2,4.2,4.8,4.6,2.60%,10.10%,23.90%,53.80%,22.00%,CAN
James Ennis III,PHI,28,79,210,Long Beach State,USA,2013,2,50,58,6.7,3.1,0.7,0.2,4.80%,9.90%,12.40%,59.00%,4.70%,USA
James Harden,HOU,29,77,220,Arizona State,USA,2009,1,3,78,36.1,6.6,7.5,6.4,2.30%,15.70%,39.50%,61.60%,39.40%,USA
James Johnson,MIA,32,80,240,Wake Forest,USA,2009,1,16,55,7.8,3.2,2.5,-4.6,1.80%,12.30%,17.60%,52.20%,16.70%,USA
James Nunnally,HOU,28,79,208,California-Santa Barbara,USA,Undrafted,Undrafted,Undrafted,15,2.4,0.3,0.5,-10.9,0.00%,5.30%,15.10%,50.30%,9.70%,USA
Jared Dudley,BKN,33,79,237,Boston College,USA,2007,1,22,59,4.9,2.6,1.4,0.6,2.70%,9.60%,10.30%,55.40%,9.30%,USA
Jared Terrell,MIN,24,75,227,Rhode Island,USA,Undrafted,Undrafted,Undrafted,14,2.2,0.4,0.9,-11.7,0.80%,4.40%,19.50%,37.20%,18.20%,USA
Jarell Martin,ORL,25,82,239,Louisiana State,USA,2015,1,25,42,2.7,1.7,0.4,4.1,3.10%,18.50%,15.20%,52.80%,7.80%,USA
Jaren Jackson Jr.,MEM,19,83,242,Michigan State,USA,2018,1,4,58,13.8,4.7,1.1,-1.9,4.90%,13.20%,22.90%,59.10%,7.40%,USA
Jaron Blossomgame,CLE,25,80,220,Clemson,USA,2017,2,59,27,4.2,3.6,0.5,-6.6,5.50%,16.20%,11.90%,51.00%,4.30%,USA
Jarred Vanderbilt,DEN,20,81,214,Kentucky,USA,2018,2,41,17,1.4,1.4,0.2,6.1,8.40%,20.50%,17.80%,51.30%,6.40%,USA
Jarrett Allen,BKN,21,83,237,Texas,USA,2017,1,22,80,10.9,8.4,1.4,-2.4,8.80%,20.80%,15.70%,63.20%,7.60%,USA
Jason Smith,NOP,33,84,240,Colorado State,USA,2007,1,20,20,3.3,2.6,0.7,-10.8,7.70%,17.40%,16.80%,49.20%,11.20%,USA
Jawun Evans,OKC,22,72,190,Oklahoma State,USA,2017,2,39,8,0.8,1.5,1.3,-39.2,1.50%,17.20%,13.70%,21.40%,23.80%,USA
Jaylen Adams,ATL,23,74,190,St. Bonaventure,USA,Undrafted,Undrafted,Undrafted,34,3.2,1.8,1.9,-6.6,2.20%,10.90%,12.90%,47.40%,20.10%,USA
Jaylen Brown,BOS,22,79,220,California,USA,2016,1,3,74,13.0,4.2,1.4,1.5,3.20%,12.20%,21.30%,54.70%,7.90%,USA
Jaylen Morris,MIL,23,77,185,Molloy,USA,Undrafted,Undrafted,Undrafted,4,2.5,1.3,1.0,22.5,0.00%,14.70%,15.00%,46.00%,17.40%,USA
Jayson Tatum,BOS,21,80,208,Duke,USA,2017,1,3,79,15.7,6.0,2.1,7.1,2.80%,15.70%,21.70%,54.70%,9.80%,USA
Jeff Green,WAS,32,81,235,Georgetown,USA,2007,1,5,77,12.3,4.0,1.8,-2.0,2.70%,11.70%,17.30%,60.80%,9.30%,USA
Jeff Teague,MIN,30,74,195,Wake Forest,USA,2009,1,19,42,12.1,2.5,8.2,-0.2,1.20%,6.70%,18.50%,52.80%,36.60%,USA
Jemerrio Jones,LAL,24,77,174,None,USA,Undrafted,Undrafted,Undrafted,6,4.5,8.2,2.2,10.7,10.00%,19.80%,10.80%,39.80%,11.50%,USA
Jerami Grant,OKC,25,81,220,Syracuse,USA,2014,2,39,80,13.6,5.2,1.0,5.4,3.20%,11.80%,14.90%,59.20%,4.00%,USA
Jeremy Lamb,CHA,27,77,185,Connecticut,USA,2012,1,12,79,15.3,5.5,2.2,0.5,2.70%,15.90%,21.90%,55.20%,11.90%,USA
Jeremy Lin,TOR,30,75,200,Harvard,USA,Undrafted,Undrafted,Undrafted,74,9.6,2.4,3.1,-5.0,1.40%,10.20%,21.10%,55.80%,24.90%,USA
Jerian Grant,ORL,26,76,205,Notre Dame,USA,2015,1,19,60,4.2,1.6,2.6,-7.6,1.90%,8.30%,12.90%,52.60%,24.20%,USA
Jerome Robinson,LAC,22,77,190,Boston College,USA,2018,1,13,33,3.4,1.2,0.6,-1.9,0.90%,10.90%,15.80%,49.10%,8.00%,USA
Jerryd Bayless,MIN,30,75,200,Arizona,USA,2008,1,11,34,6.1,1.8,3.5,-11.9,1.50%,8.00%,17.10%,43.10%,26.20%,USA
Jevon Carter,MEM,23,74,196,West Virginia,USA,2018,2,32,39,4.4,1.7,1.8,-6.8,2.30%,9.00%,17.00%,43.20%,18.40%,USA
Jimmer Fredette,PHX,30,74,195,Brigham Young,USA,2011,1,10,6,3.7,1.2,1.3,-25.9,1.30%,8.80%,23.70%,34.80%,20.00%,USA
Jimmy Butler,PHI,29,80,232,Marquette,USA,2011,1,30,65,18.7,5.3,4.0,3.5,5.40%,9.40%,21.70%,57.10%,17.90%,USA
Joakim Noah,MEM,34,83,230,Florida,USA,2007,1,9,42,7.1,5.7,2.1,1.4,7.80%,24.70%,18.80%,57.10%,20.20%,USA
Jodie Meeks,TOR,31,76,210,Kentucky,USA,2009,2,41,8,6.4,1.5,1.0,5.8,1.00%,9.30%,16.90%,64.70%,9.60%,USA
Joe Chealey,CHA,23,75,190,Charleston (SC),USA,Undrafted,Undrafted,Undrafted,1,2.0,0.0,1.0,-25.8,0.00%,0.00%,17.60%,33.30%,25.00%,USA
Joe Harris,BKN,27,78,218,Virginia,USA,2014,2,33,76,13.7,3.8,2.4,-1.5,2.20%,9.60%,16.60%,64.50%,11.40%,USA
Joe Ingles,UTA,31,80,226,None,Australia,Undrafted,Undrafted,Undrafted,82,12.1,4.0,5.7,8.1,1.30%,10.80%,16.90%,58.10%,26.20%,AUS
Joel Embiid,PHI,25,84,250,Kansas,Cameroon,2014,1,3,64,27.5,13.6,3.7,8.0,7.50%,29.20%,32.40%,59.30%,18.50%,CMR
John Collins,ATL,21,82,235,Wake Forest,USA,2017,1,19,61,19.5,9.8,2.0,-1.4,11.20%,19.60%,22.80%,62.70%,10.20%,USA
John Henson,CLE,28,83,219,North Carolina,USA,2012,1,14,14,5.6,5.1,1.0,0.7,7.40%,23.30%,17.00%,55.30%,10.80%,USA
John Holland,CLE,30,77,205,Boston U.,USA,Undrafted,Undrafted,Undrafted,1,0.0,0.0,0.0,50.0,0.00%,0.00%,0.00%,0.00%,0.00%,USA
John Jenkins,NYK,28,76,215,Vanderbilt,USA,2012,1,23,26,4.7,1.4,0.8,-5.7,1.80%,8.30%,16.00%,53.60%,10.50%,USA
John Wall,WAS,28,76,210,Kentucky,USA,2010,1,1,32,20.7,3.6,8.7,-6.0,1.30%,8.70%,28.50%,52.70%,39.10%,USA
Johnathan Motley,LAC,24,82,230,Baylor,USA,Undrafted,Undrafted,Undrafted,22,4.6,2.3,0.5,-10.0,10.40%,21.30%,26.20%,56.30%,12.90%,USA
Johnathan Williams,LAL,24,81,228,Gonzaga,USA,Undrafted,Undrafted,Undrafted,24,6.5,4.1,0.5,7.1,11.60%,13.00%,15.70%,59.90%,5.10%,USA
Jon Leuer,DET,30,82,228,Wisconsin,USA,2011,2,40,41,3.8,2.4,0.3,-13.1,6.20%,18.20%,15.60%,61.60%,6.00%,USA
Jonah Bolden,PHI,23,82,220,None,Australia,2017,2,36,44,4.7,3.8,0.9,-1.4,6.70%,17.30%,12.90%,59.50%,8.50%,AUS
Jonas Jerebko,GSW,32,82,231,None,Sweden,2009,2,39,73,6.3,3.9,1.3,1.9,5.50%,16.80%,14.40%,58.80%,10.60%,SWE
Jonas Valanciunas,MEM,27,84,265,None,Lithuania,2011,1,5,49,15.6,8.6,1.4,2.5,9.60%,26.80%,27.00%,61.60%,10.90%,LTU
Jonathan Isaac,ORL,21,82,210,Florida State,USA,2017,1,6,75,9.6,5.5,1.1,0.6,4.80%,15.20%,15.80%,53.70%,5.50%,USA
Jonathon Simmons,PHI,29,78,195,Houston,USA,Undrafted,Undrafted,Undrafted,56,6.5,2.3,2.3,-5.9,2.40%,9.00%,18.00%,46.60%,17.50%,USA
Jordan Bell,GSW,24,81,224,Oregon,USA,2017,2,38,68,3.3,2.7,1.1,-5.5,6.80%,15.40%,13.20%,53.10%,13.40%,USA
Jordan Clarkson,CLE,27,77,194,Missouri,USA,2014,2,46,81,16.8,3.3,2.4,-8.0,3.50%,8.70%,26.40%,53.90%,15.30%,USA
Jordan Loyd,TOR,25,76,210,None,USA,Undrafted,Undrafted,Undrafted,12,2.4,0.8,0.5,-16.4,1.70%,13.30%,15.70%,63.50%,18.20%,USA
Jordan McRae,WAS,28,77,179,Tennessee,USA,2014,2,58,27,5.9,1.5,1.1,-2.8,1.70%,9.50%,19.00%,55.00%,13.10%,USA
Jordan Sibert,ATL,26,76,187,Dayton,USA,Undrafted,Undrafted,Undrafted,1,3.0,0.0,0.0,-36.7,0.00%,0.00%,8.30%,150.00%,0.00%,USA
Jose Calderon,DET,37,75,200,None,Spain,Undrafted,Undrafted,Undrafted,49,2.3,1.2,2.3,-13.4,1.50%,7.80%,10.30%,45.30%,28.20%,ESP
Josh Hart,LAL,24,77,215,Villanova,USA,2017,1,30,67,7.8,3.7,1.4,0.2,1.90%,10.90%,12.90%,52.60%,7.20%,USA
Josh Jackson,PHX,22,80,200,Kansas,USA,2017,1,4,79,11.5,4.4,2.3,-10.1,3.20%,13.60%,23.20%,48.70%,14.20%,USA
Josh Okogie,MIN,20,76,212,Georgia Tech,Nigeria,2018,1,20,74,7.7,2.9,1.2,-1.2,2.10%,9.80%,14.70%,49.20%,6.80%,NGA
Josh Richardson,MIA,25,78,200,Tennessee,USA,2015,2,40,73,16.6,3.6,4.1,1.3,2.00%,7.80%,20.20%,53.60%,17.70%,USA
Jrue Holiday,NOP,28,76,205,California-Los Angeles,USA,2009,1,17,67,21.2,5.0,7.7,4.6,3.00%,9.90%,24.90%,55.50%,30.80%,USA
Juancho Hernangomez,DEN,23,81,230,None,Spain,2016,1,15,70,5.8,3.8,0.8,1.0,4.40%,14.40%,11.80%,58.00%,5.40%,ESP
Julian Washburn,MEM,27,80,209,Texas-El Paso,USA,Undrafted,Undrafted,Undrafted,18,2.2,2.3,0.8,-4.2,2.70%,12.80%,9.30%,40.20%,8.30%,USA
Julius Randle,NOP,24,81,250,Kentucky,USA,2014,1,7,73,21.4,8.7,3.1,0.1,6.90%,19.80%,27.20%,60.00%,15.80%,USA
Justin Anderson,ATL,25,78,230,Virginia,USA,2015,1,21,48,3.7,1.8,0.5,-6.2,4.60%,11.90%,16.30%,51.60%,7.30%,USA
Justin Holiday,MEM,30,78,181,Washington,USA,Undrafted,Undrafted,Undrafted,82,10.5,3.9,1.8,-7.7,1.70%,10.30%,15.30%,52.00%,8.40%,USA
Justin Jackson,DAL,24,80,210,North Carolina,USA,2017,1,15,81,7.2,2.6,1.2,-1.2,2.50%,9.60%,14.00%,56.10%,8.10%,USA
Justin Patton,PHI,21,84,241,Creighton,USA,2017,1,16,3,1.7,2.0,1.0,-12.5,6.50%,17.40%,13.80%,31.70%,25.00%,USA
Justise Winslow,MIA,23,79,225,Duke,USA,2015,1,10,66,12.6,5.4,4.3,3.3,3.10%,14.10%,20.50%,51.30%,21.30%,USA
Jusuf Nurkic,POR,24,84,275,None,Bosnia and Herzegovina,2014,1,16,72,15.6,10.4,3.2,10.4,11.90%,24.10%,23.90%,57.00%,16.80%,BIH
Kadeem Allen,NYK,26,75,200,Arizona,USA,2017,2,53,19,9.9,2.7,4.0,-4.1,1.90%,10.00%,19.40%,57.40%,27.70%,USA
Kalin Lucas,DET,30,73,195,Michigan State,USA,Undrafted,Undrafted,Undrafted,1,2.0,3.0,1.0,-32.1,0.00%,50.00%,13.30%,53.20%,50.00%,USA
Karl-Anthony Towns,MIN,23,84,248,Kentucky,USA,2015,1,1,77,24.4,12.4,3.4,1.5,9.70%,25.70%,27.90%,62.20%,16.90%,USA
Kawhi Leonard,TOR,27,79,230,San Diego State,USA,2011,1,15,60,26.6,7.3,3.3,7.8,3.90%,16.50%,29.80%,60.60%,15.90%,USA
Keita Bates-Diop,MIN,23,81,229,Ohio State,USA,2018,2,48,30,5.0,2.8,0.6,-5.8,2.90%,12.90%,13.90%,48.90%,4.70%,USA
Kelly Olynyk,MIA,28,84,240,Gonzaga,Canada,2013,1,13,79,10.0,4.7,1.8,2.7,3.80%,16.00%,17.30%,61.00%,11.30%,CAN
Kelly Oubre Jr.,PHX,23,79,205,Kansas,USA,2015,1,15,69,15.2,4.7,1.2,-6.2,3.50%,12.60%,22.10%,55.10%,6.70%,USA
Kemba Walker,CHA,29,73,184,Connecticut,USA,2011,1,9,82,25.6,4.4,5.9,0.2,1.70%,10.60%,30.60%,55.80%,28.70%,USA
Kenneth Faried,HOU,29,80,220,Morehead State,USA,2011,1,22,37,10.4,6.8,0.5,4.1,12.30%,21.00%,19.30%,62.20%,4.30%,USA
Kenrich Williams,NOP,24,79,210,None,USA,Undrafted,Undrafted,Undrafted,46,6.1,4.8,1.8,-3.6,4.60%,14.50%,11.80%,48.50%,9.40%,USA
Kent Bazemore,ATL,29,77,201,Old Dominion,USA,Undrafted,Undrafted,Undrafted,67,11.6,3.9,2.3,-7.5,2.00%,12.60%,21.40%,50.70%,14.40%,USA
Kentavious Caldwell-Pope,LAL,26,77,205,Georgia,USA,2013,1,8,82,11.4,2.9,1.3,-3.7,2.20%,8.80%,17.40%,56.80%,7.70%,USA
Kevin Durant,GSW,30,81,240,Texas,USA,2007,1,2,78,26.0,6.4,5.9,11.3,1.30%,15.30%,28.20%,63.10%,25.10%,USA
Kevin Huerter,ATL,20,79,190,Maryland,USA,2018,1,19,75,9.7,3.3,2.9,-2.3,2.70%,8.70%,15.20%,53.30%,13.90%,USA
Kevin Knox,NYK,19,81,215,Kentucky,USA,2018,1,9,75,12.8,4.5,1.1,-13.5,2.50%,12.00%,21.80%,47.50%,6.00%,USA
Kevin Love,CLE,30,82,251,California-Los Angeles,USA,2008,1,5,22,17.0,10.9,2.2,-4.7,5.10%,34.40%,25.70%,56.10%,12.50%,USA
Kevon Looney,GSW,23,81,220,California-Los Angeles,USA,2015,1,30,80,6.3,5.2,1.5,10.1,12.60%,13.30%,12.00%,63.60%,10.60%,USA
Khem Birch,ORL,26,81,233,Nevada-Las Vegas,Canada,Undrafted,Undrafted,Undrafted,50,4.8,3.8,0.8,2.8,11.20%,16.60%,13.40%,64.00%,8.70%,CAN
Khris Middleton,MIL,27,80,222,Texas A&M,USA,2012,2,39,77,18.3,6.0,4.3,10.4,2.10%,14.90%,24.50%,55.80%,19.40%,USA
Khyri Thomas,DET,23,75,210,Creighton,USA,2018,2,38,26,2.3,0.8,0.3,-8.0,1.70%,8.20%,15.70%,41.30%,6.70%,USA
Klay Thompson,GSW,29,79,215,Washington State,USA,2011,1,11,78,21.5,3.8,2.4,6.4,1.50%,8.90%,25.20%,57.10%,10.30%,USA
Kobi Simmons,CLE,21,76,170,Arizona,USA,Undrafted,Undrafted,Undrafted,1,0.0,0.0,0.0,66.7,0.00%,0.00%,0.00%,0.00%,0.00%,USA
Kosta Koufos,SAC,30,84,245,Ohio State,USA,2008,1,23,42,3.7,4.2,0.9,-2.0,8.80%,22.90%,14.80%,47.70%,9.90%,USA
Kostas Antetokounmpo,DAL,21,82,200,Dayton,Greece,2018,2,60,2,1.0,0.5,0.0,17.6,0.00%,11.10%,24.00%,21.00%,0.00%,GRC
Kris Dunn,CHI,25,76,205,Providence,USA,2016,1,5,46,11.3,4.1,6.0,-7.8,1.30%,11.90%,19.70%,48.40%,29.00%,USA
Kyle Anderson,MEM,25,81,230,California-Los Angeles,USA,2014,1,30,43,8.0,5.8,3.0,-1.9,3.80%,16.10%,12.60%,56.90%,15.50%,USA
Kyle Korver,UTA,38,79,212,Creighton,USA,2003,2,51,70,8.6,2.3,1.2,3.9,0.60%,10.50%,17.20%,58.20%,8.80%,USA
Kyle Kuzma,LAL,23,81,220,Utah,USA,2017,1,27,70,18.7,5.5,2.5,-1.4,2.50%,12.70%,23.20%,54.60%,11.30%,USA
Kyle Lowry,TOR,33,73,196,Villanova,USA,2006,1,24,65,14.2,4.8,8.7,10.6,1.90%,11.40%,19.00%,56.20%,32.90%,USA
Kyle O'Quinn,IND,29,82,250,Norfolk State,USA,2012,2,49,45,3.5,2.6,1.2,-0.3,7.80%,21.60%,19.40%,53.70%,20.40%,USA
Kyrie Irving,BOS,27,75,193,Duke,Australia,2011,1,1,67,23.8,5.0,6.9,6.4,3.10%,11.30%,28.50%,59.20%,33.00%,AUS
LaMarcus Aldridge,SAS,33,83,260,Texas,USA,2006,1,2,81,21.3,9.2,2.4,1.2,9.60%,18.00%,26.70%,57.60%,11.50%,USA
Lance Stephenson,LAL,28,78,230,Cincinnati,USA,2010,2,40,68,7.2,3.2,2.1,-4.7,2.60%,15.00%,19.50%,52.90%,17.50%,USA
Lance Thomas,NYK,31,80,240,Duke,USA,Undrafted,Undrafted,Undrafted,46,4.5,2.5,0.6,-10.5,2.30%,11.50%,12.70%,48.20%,5.10%,USA
Landry Shamet,LAC,22,77,188,Wichita State,USA,2018,1,26,79,9.1,1.7,1.5,1.6,1.10%,6.00%,14.40%,60.40%,9.00%,USA
Langston Galloway,DET,27,74,200,Saint Joseph's,USA,Undrafted,Undrafted,Undrafted,80,8.4,2.1,1.1,0.1,2.50%,7.00%,15.20%,53.40%,7.20%,USA
Larry Nance Jr.,CLE,26,81,230,Wyoming,USA,2015,1,27,67,9.4,8.2,3.2,-9.0,9.00%,22.40%,15.10%,58.30%,17.90%,USA
Lauri Markkanen,CHI,22,84,240,Arizona,Finland,2017,1,7,52,18.7,9.0,1.4,-5.7,4.30%,23.40%,24.40%,55.30%,7.00%,FIN
LeBron James,LAL,34,80,250,None,USA,2003,1,1,55,27.4,8.5,8.3,2.1,2.90%,19.30%,30.90%,58.80%,37.60%,USA
Lonnie Walker IV,SAS,20,77,205,Miami (FL),USA,2018,1,18,17,2.6,1.0,0.5,-24.4,0.00%,12.20%,19.40%,44.60%,14.30%,USA
Lonzo Ball,LAL,21,78,190,California-Los Angeles,USA,2017,1,2,47,9.9,5.3,5.4,-0.4,3.60%,12.40%,16.60%,48.70%,23.60%,USA
Lorenzo Brown,TOR,28,77,189,North Carolina State,USA,2013,2,52,26,2.1,1.2,1.1,-7.3,2.10%,11.00%,16.50%,38.00%,19.90%,USA
Lou Williams,LAC,32,73,175,None,USA,2005,2,45,75,20.0,3.0,5.4,4.4,1.90%,8.10%,30.70%,55.40%,31.80%,USA
Luc Mbah a Moute,LAC,32,80,230,California-Los Angeles,Cameroon,2008,2,37,4,5.0,1.8,0.5,7.0,3.40%,6.50%,13.90%,49.50%,4.50%,CMR
Luka Doncic,DAL,20,79,218,None,Slovenia,2018,1,3,72,21.2,7.8,6.0,-2.9,3.60%,19.80%,29.40%,54.50%,31.70%,SVN
Luke Kennard,DET,22,77,206,Duke,USA,2017,1,12,63,9.7,2.9,1.8,0.9,0.80%,12.10%,17.80%,56.00%,12.20%,USA
Luke Kornet,NYK,23,85,250,Vanderbilt,USA,Undrafted,Undrafted,Undrafted,46,7.0,2.9,1.2,-3.2,3.30%,12.30%,17.70%,53.10%,10.80%,USA
Luol Deng,MIN,34,81,237,Duke,United Kingdom,2004,1,7,22,7.1,3.3,0.8,10.0,4.90%,12.50%,15.40%,58.80%,6.20%,GBR
Malachi Richardson,TOR,23,78,205,Syracuse,USA,2016,1,22,22,1.4,0.6,0.0,-3.8,1.60%,8.70%,14.10%,48.10%,0.00%,USA
Malcolm Brogdon,MIL,26,77,229,Virginia,USA,2016,2,36,64,15.6,4.5,3.2,10.5,3.50%,10.70%,19.90%,61.40%,15.70%,USA
Malcolm Miller,TOR,26,79,210,Holy Cross,USA,Undrafted,Undrafted,Undrafted,10,3.5,0.5,0.1,-4.0,1.50%,4.80%,17.90%,63.00%,2.40%,USA
Malik Beasley,DEN,22,77,195,Florida State,USA,2016,1,19,81,11.3,2.5,1.2,3.5,1.80%,8.50%,18.00%,59.90%,7.40%,USA
Malik Monk,CHA,21,75,200,Kentucky,USA,2017,1,11,73,8.9,1.9,1.6,-3.2,1.20%,9.50%,23.40%,51.80%,14.30%,USA
MarShon Brooks,MEM,30,77,200,Providence,USA,2011,1,25,29,6.6,1.6,0.9,-2.5,3.00%,8.90%,23.10%,51.80%,11.20%,USA
Marc Gasol,TOR,34,85,255,None,Spain,2007,2,48,79,13.6,7.9,4.4,3.7,3.40%,22.70%,20.90%,54.60%,22.20%,ESP
Marcin Gortat,LAC,35,83,240,None,Poland,2005,2,57,47,5.0,5.6,1.4,-6.4,8.90%,25.30%,14.60%,56.20%,12.30%,POL
Marco Belinelli,SAS,33,77,210,None,Italy,2007,1,18,79,10.5,2.5,1.7,0.4,0.90%,9.30%,18.50%,55.70%,10.20%,ITA
Marcus Derrickson,GSW,23,79,249,None,USA,Undrafted,Undrafted,Undrafted,11,4.2,1.2,0.1,-7.9,10.40%,6.30%,23.30%,65.30%,2.60%,USA
Marcus Morris,BOS,29,81,235,Kansas,USA,2011,1,14,75,13.9,6.1,1.5,1.5,3.50%,17.60%,20.20%,56.80%,7.30%,USA
Marcus Smart,BOS,25,76,220,Oklahoma State,USA,2014,1,6,80,8.9,2.9,4.0,3.2,2.50%,7.70%,14.20%,56.80%,19.00%,USA
Mario Hezonja,NYK,24,80,225,None,Croatia,2015,1,5,58,8.8,4.1,1.5,-10.1,2.10%,16.80%,20.60%,49.70%,11.60%,HRV
Markelle Fultz,ORL,21,76,200,Washington,USA,2017,1,1,19,8.2,3.7,3.1,-0.3,5.60%,8.80%,18.70%,45.20%,21.20%,USA
Markieff Morris,OKC,29,82,245,Kansas,USA,2011,1,13,58,9.4,4.6,1.4,-5.8,4.50%,16.10%,18.90%,52.10%,9.20%,USA
Marquese Chriss,CLE,21,82,240,Washington,USA,2016,1,8,43,4.2,3.3,0.5,-16.7,7.20%,21.60%,19.40%,45.50%,6.90%,USA
Marvin Bagley III,SAC,20,83,234,Duke,USA,2018,1,2,62,14.9,7.6,1.0,-3.2,9.20%,18.00%,23.60%,56.20%,6.00%,USA
Marvin Williams,CHA,32,81,237,North Carolina,USA,2005,1,2,75,10.1,5.4,1.2,-0.3,3.30%,15.20%,14.60%,54.80%,6.10%,USA
Mason Plumlee,DEN,29,83,235,Duke,USA,2013,1,22,82,7.8,6.4,3.0,2.7,9.10%,19.80%,15.70%,60.20%,19.90%,USA
Matthew Dellavedova,CLE,28,76,200,Saint Mary's (CA),Australia,Undrafted,Undrafted,Undrafted,48,5.9,1.6,3.8,-3.7,0.70%,8.10%,17.20%,53.20%,32.90%,AUS
Maurice Harkless,POR,26,81,220,St. John's (NY),USA,2012,1,15,60,7.7,4.5,1.2,7.9,5.20%,12.80%,13.40%,54.70%,6.80%,USA
Maxi Kleber,DAL,27,83,240,None,Germany,Undrafted,Undrafted,Undrafted,71,6.8,4.6,1.0,2.4,5.70%,14.90%,13.10%,57.90%,6.80%,DEU
Melvin Frazier Jr.,ORL,22,78,200,Tulane,USA,2018,2,35,10,1.5,0.5,0.1,-15.2,5.30%,4.50%,20.00%,33.00%,3.20%,USA
Meyers Leonard,POR,27,85,255,Illinois,USA,2012,1,11,61,5.9,3.8,1.2,-4.2,5.50%,20.60%,14.70%,67.50%,12.30%,USA
Michael Beasley,LAL,30,81,235,Kansas State,USA,2008,1,2,26,7.0,2.3,1.0,-6.5,4.40%,15.30%,28.50%,53.20%,14.90%,USA
Michael Carter-Williams,ORL,27,78,190,Syracuse,USA,2013,1,11,28,4.8,2.5,2.5,0.0,4.30%,14.30%,17.40%,45.80%,26.20%,USA
Michael Kidd-Gilchrist,CHA,25,79,232,Kentucky,USA,2012,1,2,64,6.7,3.8,1.0,-2.2,6.90%,12.90%,15.00%,55.30%,7.70%,USA
Mikal Bridges,PHX,22,79,210,Villanova,USA,2018,1,10,82,8.3,3.2,2.1,-7.0,2.30%,8.50%,11.80%,55.60%,9.70%,USA
Mike Conley,MEM,31,73,175,Ohio State,USA,2007,1,4,70,21.1,3.4,6.4,0.6,1.70%,8.80%,26.10%,56.90%,32.70%,USA
Mike Muscala,LAL,27,83,240,Bucknell,USA,2013,2,44,64,7.0,3.8,1.2,0.8,4.10%,13.30%,13.70%,56.40%,8.10%,USA
Mike Scott,PHI,30,80,237,Virginia,USA,2012,2,43,79,5.8,3.5,0.8,1.3,2.90%,14.70%,13.70%,52.80%,6.40%,USA
Miles Bridges,CHA,21,79,225,Michigan State,USA,2018,1,12,80,7.5,4.0,1.2,-4.5,3.70%,14.80%,14.50%,54.80%,8.10%,USA
Miles Plumlee,ATL,30,83,249,Duke,USA,2012,1,26,18,4.4,2.2,0.9,-8.8,8.50%,14.10%,16.50%,65.40%,15.50%,USA
Milos Teodosic,LAC,32,77,196,None,Serbia,Undrafted,Undrafted,Undrafted,15,3.2,1.1,2.1,6.0,2.10%,8.40%,16.90%,55.70%,26.00%,SRB
Mitchell Creek,MIN,27,78,225,None,Australia,Undrafted,Undrafted,Undrafted,5,4.2,2.4,1.2,10.8,10.90%,10.50%,16.90%,55.00%,18.80%,AUS
Mitchell Robinson,NYK,21,85,240,None,USA,2018,2,36,66,7.3,6.4,0.6,-6.2,12.20%,16.60%,11.80%,69.20%,4.20%,USA
Mo Bamba,ORL,21,84,221,Texas,USA,2018,1,6,47,6.2,5.0,0.8,-15.2,7.40%,21.30%,17.30%,53.90%,8.60%,USA
Monte Morris,DEN,23,75,175,Iowa State,USA,2017,2,51,82,10.4,2.4,3.6,4.4,1.70%,7.80%,16.70%,57.70%,22.10%,USA
Montrezl Harrell,LAC,25,80,240,Louisville,USA,2015,2,32,82,16.6,6.5,2.0,1.9,8.50%,14.60%,22.60%,63.60%,12.30%,USA
Moritz Wagner,LAL,22,83,245,Michigan,Germany,2018,1,25,43,4.8,2.0,0.6,-9.1,3.50%,14.20%,20.80%,53.30%,8.40%,DEU
Myles Turner,IND,23,83,250,Texas,USA,2015,1,11,74,13.3,7.2,1.6,3.1,4.80%,19.50%,19.80%,56.70%,8.30%,USA
Naz Mitrou-Long,UTA,25,76,218,Iowa State,Canada,Undrafted,Undrafted,Undrafted,14,1.1,0.4,1.1,-22.2,1.10%,5.70%,13.70%,38.30%,25.00%,CAN
Nemanja Bjelica,SAC,31,82,234,None,Serbia,2010,2,35,77,9.6,5.8,1.9,2.4,6.50%,17.10%,16.10%,58.50%,10.70%,SRB
Nene,HOU,36,83,250,None,Brazil,2002,1,7,42,3.6,2.9,0.6,8.7,5.80%,15.20%,11.30%,55.20%,7.00%,BRA
Nerlens Noel,OKC,25,83,220,Kentucky,USA,2013,1,6,77,4.9,4.2,0.6,-3.5,10.50%,17.60%,13.60%,60.80%,6.70%,USA
Nick Young,DEN,34,79,210,Southern California,USA,2007,1,16,4,2.3,0.3,0.5,-6.3,0.00%,2.60%,12.50%,50.00%,7.70%,USA
Nicolas Batum,CHA,30,80,200,None,France,2008,1,25,75,9.3,5.2,3.3,-1.0,2.80%,13.10%,12.80%,58.10%,14.50%,FRA
Nik Stauskas,CLE,25,78,205,Michigan,Canada,2014,1,8,68,5.9,1.9,1.2,-12.9,1.60%,10.40%,16.90%,54.50%,12.30%,CAN
Nikola Jokic,DEN,24,84,250,None,Serbia,2014,2,41,80,20.1,10.8,7.3,6.3,8.90%,24.90%,26.90%,58.90%,36.10%,SRB
Nikola Mirotic,MIL,28,82,250,None,Montenegro,2011,1,23,46,15.2,7.4,1.2,3.4,4.50%,19.80%,20.40%,58.40%,6.10%,MNE
Nikola Vucevic,ORL,28,84,260,Southern California,Montenegro,2011,1,16,80,20.8,12.0,3.8,4.1,8.80%,28.60%,27.40%,57.30%,20.80%,MNE
Noah Vonleh,NYK,23,81,250,Indiana,USA,2014,1,9,68,8.4,7.8,1.9,-7.5,6.00%,23.40%,14.30%,56.10%,10.80%,USA
Norman Powell,TOR,26,76,215,California-Los Angeles,USA,2015,2,46,60,8.6,2.3,1.5,-0.2,1.30%,10.20%,18.00%,59.60%,11.90%,USA
OG Anunoby,TOR,21,80,232,Indiana,United Kingdom,2017,1,23,67,7.0,2.9,0.7,-2.1,4.00%,10.00%,14.70%,54.40%,5.00%,GBR
Okaro White,WAS,26,80,205,Florida State,USA,Undrafted,Undrafted,Undrafted,3,0.0,0.7,0.0,-26.2,9.10%,14.30%,10.50%,0.00%,0.00%,USA
Omari Spellman,ATL,21,81,245,Villanova,USA,2018,1,30,46,5.9,4.2,1.0,-10.8,8.00%,14.40%,14.40%,51.60%,8.50%,USA
Omri Casspi,MEM,30,81,225,None,Israel,2009,1,23,36,6.3,3.2,0.7,1.6,3.30%,18.40%,17.00%,60.60%,7.70%,ISR
Otto Porter Jr.,CHI,26,80,198,Georgetown,USA,2013,1,3,56,13.9,5.6,2.1,-0.7,3.10%,15.30%,18.40%,56.90%,10.00%,USA
PJ Dozier,BOS,22,78,205,South Carolina,USA,Undrafted,Undrafted,Undrafted,6,3.2,2.8,0.8,23.3,10.20%,17.20%,17.30%,43.40%,12.50%,USA
PJ Tucker,HOU,34,78,245,Texas,USA,2006,2,35,82,7.3,5.8,1.2,4.5,4.10%,12.90%,9.40%,54.70%,4.70%,USA
Pascal Siakam,TOR,25,81,230,New Mexico State,Cameroon,2016,1,27,80,16.9,6.9,3.1,10.7,5.00%,15.40%,20.30%,62.80%,14.10%,CMR
Pat Connaughton,MIL,26,76,209,Notre Dame,USA,2015,2,41,61,6.9,4.2,2.0,4.4,4.60%,13.50%,12.90%,57.30%,12.80%,USA
Patrick Beverley,LAC,30,73,185,None,USA,2009,2,42,78,7.6,5.0,3.8,3.9,3.50%,13.50%,11.90%,56.10%,18.30%,USA
Patrick McCaw,TOR,23,79,185,Nevada-Las Vegas,USA,2016,2,38,29,2.6,1.7,1.0,-7.4,1.70%,10.50%,9.10%,53.20%,9.90%,USA
Patrick Patterson,OKC,30,81,230,Kentucky,USA,2010,1,14,63,3.6,2.3,0.5,-5.9,4.30%,11.40%,11.70%,49.30%,4.90%,USA
Patty Mills,SAS,30,72,180,St. Mary's (CA),Australia,2009,2,55,82,9.9,2.2,3.0,4.2,1.20%,7.60%,17.30%,57.20%,17.40%,AUS
Pau Gasol,MIL,38,84,250,None,Spain,2001,1,3,30,3.9,4.6,1.7,-6.1,5.80%,30.40%,14.90%,52.90%,20.90%,ESP
Paul George,OKC,29,81,220,Fresno State,USA,2010,1,10,77,28.0,8.2,4.1,8.1,3.30%,17.30%,28.40%,58.30%,17.30%,USA
Paul Millsap,DEN,34,80,246,Louisiana Tech,USA,2006,2,47,70,12.6,7.2,2.0,8.4,7.80%,18.20%,19.00%,57.00%,10.40%,USA
Quincy Acy,PHX,28,79,240,Baylor,USA,2012,2,37,10,1.7,2.5,0.8,1.8,2.20%,15.30%,8.60%,37.90%,8.80%,USA
Quincy Pondexter,SAS,31,79,230,Washington,USA,2010,1,26,53,1.8,0.9,0.5,-2.1,2.80%,12.30%,12.80%,64.10%,12.10%,USA
Quinn Cook,GSW,26,74,179,Duke,USA,Undrafted,Undrafted,Undrafted,74,6.9,2.1,1.6,-6.0,2.10%,12.30%,19.90%,56.50%,16.70%,USA
RJ Hunter,BOS,25,77,185,Georgia State,USA,2015,1,28,1,17.0,3.0,3.0,52.8,3.70%,5.00%,22.60%,61.20%,15.00%,USA
Rajon Rondo,LAL,33,73,186,Kentucky,USA,2006,1,21,46,9.2,5.3,8.0,-8.4,2.30%,14.20%,17.20%,47.30%,36.00%,USA
Raul Neto,UTA,27,73,179,None,Brazil,2013,2,47,37,5.3,1.7,2.5,17.5,1.40%,10.50%,18.20%,55.80%,25.10%,BRA
Rawle Alkins,CHI,21,77,225,None,USA,Undrafted,Undrafted,Undrafted,10,3.7,2.6,1.3,-4.6,7.70%,12.00%,17.30%,41.80%,13.70%,USA
Ray Spalding,PHX,22,82,215,Louisville,USA,2018,2,56,14,3.9,3.4,0.4,-7.9,9.10%,19.00%,16.10%,51.60%,5.20%,USA
Raymond Felton,OKC,34,73,205,North Carolina,USA,2005,1,5,33,4.3,1.0,1.6,1.9,0.90%,7.40%,16.40%,50.50%,20.90%,USA
Reggie Bullock,LAL,28,79,205,North Carolina,USA,2013,1,25,63,11.3,2.7,2.0,-1.4,1.10%,8.20%,15.30%,56.30%,9.60%,USA
Reggie Jackson,DET,29,75,208,Boston College,USA,2011,1,24,82,15.4,2.6,4.2,0.5,1.90%,7.60%,23.60%,54.70%,24.10%,USA
Richaun Holmes,PHX,25,82,235,Bowling Green,USA,2015,2,37,70,8.2,4.7,0.9,-5.4,9.50%,17.30%,17.20%,64.70%,8.20%,USA
Ricky Rubio,UTA,28,76,190,None,Spain,2009,1,5,68,12.7,3.6,6.1,6.2,1.70%,10.70%,21.90%,52.00%,31.30%,ESP
Robert Covington,MIN,28,81,225,Tennessee State,USA,Undrafted,Undrafted,Undrafted,35,13.3,5.5,1.3,2.3,2.20%,12.70%,15.30%,58.00%,5.50%,USA
Robert Williams III,BOS,21,82,240,Texas A&M,USA,2018,1,27,32,2.5,2.5,0.2,-7.4,8.60%,16.40%,9.90%,70.30%,4.00%,USA
Robin Lopez,CHI,31,84,275,Stanford,USA,2008,1,15,74,9.5,3.9,1.2,-4.3,8.50%,8.50%,18.10%,59.80%,8.40%,USA
Rodions Kurucs,BKN,21,81,210,None,Latvia,2018,2,40,63,8.5,3.9,0.8,0.0,4.00%,13.10%,17.40%,54.50%,5.70%,LVA
Rodney Hood,POR,26,80,206,Duke,USA,2014,1,23,72,11.2,2.2,1.8,-7.2,1.20%,7.10%,17.70%,54.50%,10.10%,USA
Rodney McGruder,LAC,27,76,200,Kansas State,USA,Undrafted,Undrafted,Undrafted,66,7.6,3.6,1.7,-0.9,3.50%,10.60%,14.70%,51.00%,10.30%,USA
Ron Baker,WAS,26,76,220,Wichita State,USA,Undrafted,Undrafted,Undrafted,15,0.9,0.7,1.0,-5.7,0.60%,6.90%,7.40%,30.90%,13.90%,USA
Rondae Hollis-Jefferson,BKN,24,79,217,Arizona,USA,2015,1,23,59,8.9,5.3,1.6,-0.1,6.00%,17.00%,20.70%,46.40%,11.90%,USA
Royce O'Neale,UTA,26,78,226,Baylor,USA,Undrafted,Undrafted,Undrafted,82,5.2,3.5,1.5,4.2,1.30%,14.60%,10.60%,58.90%,10.20%,USA
Rudy Gay,SAS,32,80,230,Connecticut,USA,2006,1,8,69,13.7,6.8,2.6,4.0,3.40%,20.90%,21.40%,58.30%,14.50%,USA
Rudy Gobert,UTA,26,85,245,None,France,2013,1,27,81,15.9,12.9,2.0,6.9,11.70%,27.00%,17.40%,68.20%,9.50%,FRA
Russell Westbrook,OKC,30,75,200,California-Los Angeles,USA,2008,1,4,73,22.9,11.1,10.7,5.1,3.60%,25.50%,30.10%,50.10%,44.00%,USA
Ryan Anderson,MIA,31,82,240,California,USA,2008,1,21,25,2.5,2.2,0.8,-11.6,5.50%,11.20%,12.00%,41.40%,8.80%,USA
Ryan Arcidiacono,CHI,25,75,200,Villanova,USA,Undrafted,Undrafted,Undrafted,81,6.7,2.7,3.3,-6.0,1.30%,9.60%,11.60%,58.80%,19.10%,USA
Ryan Broekhoff,DAL,28,79,215,None,Australia,Undrafted,Undrafted,Undrafted,42,4.0,1.5,0.5,8.4,1.70%,11.30%,13.90%,62.10%,6.90%,AUS
Salah Mejri,DAL,32,86,235,None,Tunisia,Undrafted,Undrafted,Undrafted,36,3.9,3.6,1.0,-4.3,8.10%,21.60%,15.20%,55.90%,13.70%,TUN
Sam Dekker,WAS,25,81,230,Wisconsin,USA,2015,1,18,47,6.1,3.1,1.0,-6.1,6.40%,12.30%,15.50%,51.90%,8.10%,USA
Scott Machado,LAL,29,73,205,Iona,USA,Undrafted,Undrafted,Undrafted,4,2.5,0.0,0.8,-2.8,0.00%,0.00%,12.80%,77.60%,21.40%,USA
Semi Ojeleye,BOS,24,79,241,Southern Methodist,USA,2017,2,37,56,3.3,1.5,0.4,5.4,3.80%,9.30%,13.50%,53.10%,5.40%,USA
Serge Ibaka,TOR,29,82,235,None,Congo,2008,1,24,74,15.0,8.1,1.3,6.3,7.80%,20.40%,22.50%,58.20%,7.60%,COG
Seth Curry,POR,28,74,185,Duke,USA,Undrafted,Undrafted,Undrafted,74,7.9,1.6,0.9,4.4,1.90%,6.20%,16.20%,59.50%,6.80%,USA
Shabazz Napier,BKN,27,73,180,Connecticut,USA,2014,1,24,56,9.4,1.8,2.6,1.2,1.70%,7.90%,23.20%,53.40%,23.50%,USA
Shai Gilgeous-Alexander,LAC,20,78,181,Kentucky,Canada,2018,1,11,82,10.8,2.8,3.3,-2.2,2.60%,7.80%,18.10%,55.40%,17.90%,CAN
Shake Milton,PHI,22,78,207,Southern Methodist,USA,2018,2,54,20,4.4,1.8,0.9,-1.1,3.10%,9.60%,14.60%,48.30%,8.60%,USA
Shaquille Harrison,CHI,25,76,190,Tulsa,USA,Undrafted,Undrafted,Undrafted,73,6.5,3.0,1.9,-10.2,2.20%,13.20%,15.90%,49.40%,14.20%,USA
Shaun Livingston,GSW,33,79,192,None,USA,2004,1,4,64,4.0,1.8,1.8,2.6,4.30%,7.10%,11.70%,55.50%,15.40%,USA
Shelvin Mack,CHA,29,75,203,Butler,USA,2011,2,34,57,7.5,1.8,3.2,-9.0,1.40%,6.90%,17.70%,48.90%,24.10%,USA
Sindarius Thornwell,LAC,24,77,215,South Carolina,USA,2017,2,48,64,1.0,0.7,0.3,-2.5,1.50%,10.80%,10.20%,48.50%,7.90%,USA
Skal Labissiere,POR,23,83,235,Kentucky,Haiti,2016,1,28,22,3.0,2.0,0.5,-9.9,5.10%,18.50%,15.20%,59.30%,7.80%,HTI
Solomon Hill,NOP,28,79,225,Arizona,USA,2013,1,23,44,4.3,3.0,1.3,-6.2,3.60%,10.20%,10.30%,49.70%,8.00%,USA
Spencer Dinwiddie,BKN,26,78,210,Colorado,USA,2014,2,38,68,16.8,2.4,4.6,-2.6,1.30%,6.90%,24.10%,58.00%,27.20%,USA
Stanley Johnson,NOP,23,79,245,Arizona,USA,2015,1,8,66,6.9,3.3,1.3,-7.9,2.50%,14.20%,18.50%,48.50%,11.80%,USA
Stephen Curry,GSW,31,75,190,Davidson,USA,2009,1,7,69,27.3,5.3,5.2,14.1,2.00%,12.20%,29.10%,64.10%,22.50%,USA
Sterling Brown,MIL,24,78,232,Southern Methodist,USA,2017,2,46,58,6.4,3.2,1.4,-0.4,2.60%,13.00%,14.80%,56.30%,11.50%,USA
Steven Adams,OKC,25,84,265,Pittsburgh,New Zealand,2013,1,12,80,13.9,9.5,1.6,6.7,12.90%,13.30%,15.90%,59.10%,6.30%,NZL
Svi Mykhailiuk,DET,21,80,205,Kansas,Ukraine,2018,2,47,42,3.2,0.9,0.9,-1.0,1.90%,5.50%,15.50%,44.70%,11.00%,UKR
T.J. McConnell,PHI,27,74,190,Arizona,USA,Undrafted,Undrafted,Undrafted,76,6.4,2.3,3.4,0.0,1.80%,9.40%,14.70%,55.50%,24.90%,USA
T.J. Warren,PHX,25,80,215,North Carolina State,USA,2014,1,14,43,18.0,4.0,1.5,-7.8,2.20%,10.80%,22.10%,58.00%,7.30%,USA
TJ Leaf,IND,22,82,225,California-Los Angeles,USA,2017,1,18,58,3.9,2.2,0.4,3.4,7.70%,14.50%,15.70%,57.20%,6.30%,USA
Tahjere McCall,BKN,24,77,190,Tennessee State,USA,Undrafted,Undrafted,Undrafted,1,4.0,1.0,0.0,67.9,0.00%,20.00%,13.60%,58.10%,0.00%,USA
Taj Gibson,MIN,33,81,232,Southern California,USA,2009,1,26,70,10.8,6.5,1.2,-2.0,9.50%,16.10%,16.50%,61.20%,7.20%,USA
Taurean Prince,ATL,25,80,220,Baylor,USA,2016,1,12,55,13.5,3.6,2.1,-7.1,1.30%,11.00%,18.80%,57.50%,10.70%,USA
Terrance Ferguson,OKC,21,79,190,None,USA,2017,1,21,74,6.9,1.9,1.0,3.9,1.50%,5.50%,10.40%,56.60%,4.60%,USA
Terrence Jones,HOU,27,81,252,Kentucky,USA,2012,1,18,2,1.0,2.0,0.0,-98.5,0.00%,57.10%,31.30%,22.50%,0.00%,USA
Terrence Ross,ORL,28,79,206,Washington,USA,2012,1,8,81,15.1,3.5,1.7,-0.1,1.20%,11.30%,22.80%,56.10%,10.30%,USA
Terry Rozier,BOS,25,73,190,Louisville,USA,2015,1,16,79,9.0,3.9,2.9,-1.2,1.60%,14.50%,17.90%,50.10%,19.30%,USA
Thabo Sefolosha,UTA,35,79,220,None,Switzerland,2006,1,13,50,3.8,2.5,0.5,8.6,1.40%,18.10%,12.80%,59.90%,5.90%,CHE
Thaddeus Young,IND,30,80,221,Georgia Tech,USA,2007,1,12,81,12.6,6.5,2.5,2.3,7.80%,13.20%,17.70%,56.90%,12.00%,USA
Theo Pinson,BKN,23,78,218,None,USA,Undrafted,Undrafted,Undrafted,18,4.5,2.0,1.2,-0.8,1.50%,12.60%,19.00%,49.00%,16.70%,USA
Thomas Bryant,WAS,21,83,248,Indiana,USA,2017,2,42,72,10.5,6.3,1.3,-3.5,7.20%,21.90%,16.90%,67.40%,9.00%,USA
Thomas Welsh,DEN,23,84,255,California-Los Angeles,USA,2018,2,58,11,1.6,0.4,0.5,3.4,0.00%,11.40%,15.30%,64.80%,20.00%,USA
Thon Maker,DET,22,85,221,None,South Sudan,2016,1,10,64,5.0,3.2,0.7,0.5,3.90%,14.90%,14.60%,53.00%,6.60%,SSD
Tim Frazier,MIL,28,73,170,None,USA,Undrafted,Undrafted,Undrafted,59,5.3,2.8,4.2,-2.6,3.50%,10.60%,13.10%,54.40%,28.60%,USA
Tim Hardaway Jr.,DAL,27,78,205,Michigan,USA,2013,1,24,65,18.1,3.4,2.4,-9.4,1.50%,9.00%,24.50%,52.70%,12.50%,USA
Timothe Luwawu-Cabarrot,CHI,24,78,210,None,France,2016,1,24,50,4.6,1.9,0.5,-14.3,1.50%,12.50%,15.50%,48.90%,5.70%,FRA
Tobias Harris,PHI,26,81,235,Tennessee,USA,2011,1,19,82,20.0,7.9,2.8,0.3,2.40%,18.80%,22.40%,59.20%,12.60%,USA
Tomas Satoransky,WAS,27,79,210,None,Czechia,2012,2,32,80,8.9,3.5,5.0,-0.8,3.60%,9.00%,13.90%,59.00%,24.80%,CZE
Tony Bradley,UTA,21,82,248,North Carolina,USA,2017,1,28,3,5.7,5.0,0.3,-18.7,19.60%,18.80%,19.80%,50.40%,4.20%,USA
Tony Parker,CHA,37,74,185,None,France,2001,1,28,56,9.5,1.5,3.7,-0.3,1.30%,6.70%,24.40%,51.20%,33.10%,FRA
Tony Snell,MIL,27,79,213,New Mexico,USA,2013,1,20,74,6.0,2.1,0.9,6.4,2.10%,8.60%,12.50%,58.50%,6.90%,USA
Torrey Craig,DEN,28,79,215,South Carolina Upstate,USA,Undrafted,Undrafted,Undrafted,75,5.7,3.5,1.0,3.0,5.70%,11.20%,12.00%,54.70%,6.20%,USA
Trae Young,ATL,20,74,180,Oklahoma,USA,2018,1,5,81,19.1,3.7,8.1,-6.0,2.40%,9.10%,27.40%,53.90%,39.00%,USA
Treveon Graham,BKN,25,77,225,Virginia Commonwealth,USA,Undrafted,Undrafted,Undrafted,35,5.3,3.1,1.0,1.9,2.80%,10.70%,12.20%,45.80%,6.20%,USA
Trevon Duval,HOU,20,74,189,None,USA,Undrafted,Undrafted,Undrafted,3,1.7,0.3,0.7,15.4,0.00%,20.00%,23.10%,83.30%,66.70%,USA
Trevor Ariza,WAS,33,80,215,California-Los Angeles,USA,2004,2,43,69,12.5,5.4,3.7,-6.7,2.10%,13.90%,16.40%,53.40%,14.90%,USA
Trey Burke,DAL,26,73,175,Michigan,USA,2013,1,9,58,10.9,1.7,2.7,-1.6,2.30%,5.90%,24.00%,52.40%,22.90%,USA
Trey Lyles,DEN,23,82,234,Kentucky,USA,2015,1,12,64,8.5,3.8,1.4,0.0,3.60%,17.20%,22.70%,50.00%,11.60%,USA
Tristan Thompson,CLE,28,82,238,Texas,Canada,2011,1,4,43,10.9,10.2,2.0,-12.4,13.70%,23.70%,17.30%,55.10%,11.00%,CAN
Troy Brown Jr.,WAS,19,79,215,Oregon,USA,2018,1,15,52,4.8,2.8,1.5,-0.8,4.50%,14.90%,15.70%,48.70%,14.70%,USA
Troy Caupain,ORL,23,76,210,Cincinnati,USA,Undrafted,Undrafted,Undrafted,4,2.5,0.8,1.0,25.0,7.10%,15.40%,21.60%,62.50%,40.00%,USA
Troy Daniels,PHX,27,76,205,Virginia Commonwealth,USA,Undrafted,Undrafted,Undrafted,51,6.2,1.4,0.5,-6.4,1.60%,7.90%,16.90%,55.80%,5.20%,USA
Troy Williams,SAC,24,79,218,Indiana,USA,Undrafted,Undrafted,Undrafted,21,5.3,2.8,0.5,-9.7,3.40%,14.40%,14.20%,53.10%,5.10%,USA
Tyler Cavanaugh,UTA,25,81,238,George Washington,USA,Undrafted,Undrafted,Undrafted,11,0.8,0.7,0.1,-41.1,6.50%,12.80%,11.50%,41.40%,4.30%,USA
Tyler Davis,OKC,22,82,266,None,USA,Undrafted,Undrafted,Undrafted,1,0.0,1.0,0.0,0.0,50.00%,0.00%,33.30%,0.00%,0.00%,USA
Tyler Dorsey,MEM,23,77,183,Oregon,USA,2017,2,41,48,6.2,2.4,1.2,-2.2,3.60%,11.80%,18.00%,50.90%,11.80%,USA
Tyler Johnson,PHX,27,76,190,Fresno State,USA,Undrafted,Undrafted,Undrafted,57,10.9,3.0,2.9,-4.1,2.10%,8.70%,17.90%,53.20%,16.50%,USA
Tyler Lydon,DEN,23,82,225,Syracuse,USA,2017,1,24,25,0.9,0.7,0.2,-7.8,6.20%,13.30%,9.70%,59.50%,8.70%,USA
Tyler Ulis,CHI,23,70,160,Kentucky,USA,2016,2,34,1,0.0,0.0,0.0,0.0,0.00%,0.00%,0.00%,0.00%,0.00%,USA
Tyler Zeller,MEM,29,84,253,North Carolina,USA,2012,1,17,6,7.7,4.0,0.7,7.3,10.50%,12.30%,19.00%,60.70%,6.90%,USA
Tyreke Evans,IND,29,78,220,Memphis,USA,2009,1,4,69,10.2,2.9,2.4,1.3,2.30%,11.40%,25.30%,48.30%,17.60%,USA
Tyrone Wallace,LAC,24,77,198,California,USA,2016,2,60,62,3.5,1.6,0.7,3.6,3.00%,11.10%,17.20%,45.00%,9.00%,USA
Tyson Chandler,LAL,36,85,240,None,USA,2001,1,2,55,3.1,5.6,0.7,-1.7,9.40%,21.30%,8.30%,63.00%,5.70%,USA
Tyus Jones,MIN,23,74,196,Duke,USA,2015,1,24,68,6.9,2.0,4.8,-0.3,1.40%,6.90%,13.80%,49.10%,28.40%,USA
Udonis Haslem,MIA,38,80,235,Florida,USA,Undrafted,Undrafted,Undrafted,10,2.5,2.7,0.2,-21.1,3.10%,24.00%,19.50%,36.00%,4.80%,USA
Victor Oladipo,IND,27,76,210,Indiana,USA,2013,1,2,36,18.8,5.6,5.2,5.2,1.80%,15.40%,27.60%,51.90%,25.00%,USA
Vince Carter,ATL,42,78,220,North Carolina,USA,1998,1,5,76,7.4,2.6,1.1,-6.2,2.10%,11.40%,16.20%,56.50%,9.70%,USA
Vincent Edwards,HOU,23,80,225,Purdue,USA,2018,2,52,2,1.5,1.0,0.0,-6.1,5.90%,5.90%,11.10%,37.50%,0.00%,USA
Wade Baldwin IV,POR,23,76,200,Vanderbilt,USA,2016,1,17,16,1.9,0.9,0.8,-37.2,1.80%,12.30%,22.60%,39.60%,24.00%,USA
Walter Lemon Jr.,CHI,26,75,180,None,USA,Undrafted,Undrafted,Undrafted,6,14.3,4.5,5.0,-6.8,2.10%,13.60%,25.20%,46.80%,28.30%,USA
Wayne Ellington,DET,31,77,200,North Carolina,USA,2009,1,28,53,10.3,2.0,1.4,-0.3,1.00%,7.30%,16.60%,56.90%,8.60%,USA
Wayne Selden,CHI,24,77,230,Kansas,USA,Undrafted,Undrafted,Undrafted,75,6.9,2.4,1.5,-9.5,2.40%,9.80%,17.60%,49.10%,11.20%,USA
Wendell Carter Jr.,CHI,20,82,255,West Virginia,USA,2018,1,7,44,10.3,7.0,1.8,-11.8,7.50%,19.80%,19.00%,54.10%,11.80%,USA
Wes Iwundu,ORL,24,79,195,Kansas State,USA,2017,2,33,68,5.0,2.7,1.1,1.4,2.70%,10.80%,12.30%,53.10%,8.00%,USA
Wesley Johnson,WAS,31,79,215,Syracuse,USA,2010,1,4,38,3.4,1.9,0.6,-7.7,2.00%,10.40%,11.40%,46.90%,5.40%,USA
Wesley Matthews,IND,32,77,220,Marquette,USA,Undrafted,Undrafted,Undrafted,69,12.2,2.5,2.3,-2.4,1.50%,6.30%,17.30%,54.60%,11.30%,USA
Will Barton,DEN,28,78,190,Memphis,USA,2012,2,40,43,11.5,4.6,2.9,0.3,2.60%,13.70%,19.40%,50.10%,14.60%,USA
Willie Cauley-Stein,SAC,25,84,240,Kentucky,USA,2015,1,6,81,11.9,8.4,2.4,1.4,7.40%,21.30%,17.20%,56.60%,12.10%,USA
Willy Hernangomez,CHA,25,83,240,None,Spain,2015,2,35,58,7.3,5.4,1.0,-6.5,13.00%,24.00%,20.30%,58.70%,11.20%,ESP
Wilson Chandler,LAC,32,81,225,DePaul,USA,2007,1,23,51,6.0,4.2,1.6,4.4,4.10%,13.20%,11.50%,53.70%,8.90%,USA
Yante Maten,MIA,22,80,240,None,USA,Undrafted,Undrafted,Undrafted,2,1.0,1.5,0.0,14.8,7.10%,9.50%,13.30%,25.00%,0.00%,USA
Yogi Ferrell,SAC,26,72,180,Indiana,USA,Undrafted,Undrafted,Undrafted,71,5.9,1.5,1.9,-2.7,1.10%,8.50%,15.80%,55.00%,17.60%,USA
Yuta Watanabe,MEM,24,81,205,George Washington,Japan,Undrafted,Undrafted,Undrafted,15,2.6,2.1,0.5,7.1,2.20%,15.20%,14.80%,35.20%,6.30%,JPN
Zach Collins,POR,21,84,235,Gonzaga,USA,2017,1,10,77,6.6,4.2,0.9,0.0,7.80%,14.40%,16.40%,56.20%,7.60%,USA
Zach LaVine,CHI,24,77,200,California-Los Angeles,USA,2014,1,13,63,23.7,4.7,4.5,-6.7,1.80%,11.30%,29.60%,57.40%,22.40%,USA
Zach Lofton,DET,26,76,180,New Mexico State,USA,Undrafted,Undrafted,Undrafted,1,0.0,0.0,0.0,0.0,0.00%,0.00%,25.00%,0.00%,0.00%,USA
Zaza Pachulia,DET,35,83,270,None,Georgia,2003,2,42,68,3.9,3.9,1.3,-4.5,10.10%,18.40%,14.60%,53.90%,16.10%,GEO
Zhaire Smith,PHI,20,76,199,Texas Tech,USA,2018,1,16,6,6.7,2.2,1.7,6.8,2.80%,8.70%,16.40%,53.30%,10.10%,USA
Zhou Qi,HOU,23,85,210,None,China,2016,2,43,1,2.0,0.0,0.0,-66.7,0.00%,0.00%,33.30%,100%,0.00%,CHN
